Time, PoorSignal, Attention, Meditation
1536307663.850, 0, 57, 34
1536307664.861, 0, 78, 26
1536307665.865, 0, 91, 30
1536307666.843, 0, 94, 23
1536307667.865, 0, 94, 24
1536307668.863, 0, 78, 35
1536307669.872, 0, 56, 44
1536307670.834, 0, 53, 44
1536307671.865, 0, 43, 38
1536307672.831, 0, 57, 34
1536307673.845, 0, 60, 26
1536307674.847, 0, 51, 30
1536307675.841, 0, 48, 37
1536307676.845, 0, 38, 41
1536307677.856, 0, 54, 41
1536307678.865, 0, 83, 50
1536307679.859, 0, 97, 60
1536307680.848, 0, 90, 47
1536307681.862, 0, 78, 48
1536307682.832, 0, 66, 57
1536307683.848, 0, 57, 40
1536307684.848, 0, 78, 47
1536307685.843, 0, 81, 54
1536307686.849, 0, 94, 48
1536307687.844, 0, 100, 51
1536307688.846, 0, 94, 44
1536307689.862, 0, 100, 38
1536307690.845, 0, 94, 29
1536307691.857, 0, 96, 26
1536307692.842, 0, 93, 20
1536307693.858, 0, 93, 10
1536307694.858, 0, 100, 17
1536307695.862, 0, 100, 27
1536307696.862, 0, 100, 38
1536307697.845, 0, 100, 60
1536307698.849, 0, 91, 56
1536307699.832, 0, 81, 53
1536307700.846, 0, 70, 57
1536307701.857, 0, 60, 34
1536307702.846, 0, 70, 23
1536307703.857, 0, 74, 27
1536307704.843, 0, 90, 35
1536307705.843, 0, 100, 40
1536307706.863, 0, 100, 48
1536307707.841, 0, 93, 51
1536307708.860, 0, 81, 43
1536307709.846, 0, 66, 43
1536307710.878, 0, 66, 48
1536307711.832, 0, 60, 35
1536307712.847, 0, 61, 24
1536307713.855, 0, 70, 27
1536307714.849, 0, 77, 26
1536307715.847, 0, 87, 37
1536307716.846, 0, 97, 43
1536307717.875, 0, 96, 41
1536307718.860, 0, 93, 41
1536307719.841, 0, 87, 34
1536307720.863, 0, 83, 43
1536307721.849, 0, 75, 44
1536307722.840, 0, 83, 44
1536307723.832, 0, 93, 60
1536307724.841, 0, 90, 63
1536307725.876, 0, 84, 57
1536307726.856, 0, 78, 38
1536307727.843, 0, 56, 17
1536307728.857, 0, 30, 1
1536307729.845, 0, 53, 3
1536307730.855, 0, 57, 16
1536307731.850, 0, 75, 35
1536307732.864, 0, 100, 41
1536307733.829, 0, 84, 38
1536307734.847, 0, 80, 29
1536307735.847, 0, 77, 34
1536307736.858, 0, 88, 34
1536307737.862, 0, 81, 40
1536307738.861, 0, 84, 50
1536307739.844, 0, 91, 40
1536307740.880, 0, 81, 40
1536307741.846, 0, 97, 43
1536307742.856, 0, 88, 40
1536307743.836, 0, 78, 51
1536307744.845, 0, 60, 43
1536307745.847, 0, 53, 41
1536307746.840, 0, 53, 48
1536307747.847, 0, 57, 29
1536307748.855, 0, 74, 40
1536307749.859, 0, 75, 35
1536307750.856, 0, 87, 35
1536307751.862, 0, 87, 44
1536307752.857, 0, 84, 43
1536307753.834, 0, 84, 43
1536307754.839, 0, 80, 40
1536307755.832, 0, 94, 35
1536307756.849, 0, 96, 35
1536307757.847, 0, 97, 41
1536307758.861, 0, 100, 43
1536307759.860, 0, 87, 44
1536307760.864, 0, 78, 43
1536307761.860, 0, 64, 34
1536307762.854, 0, 60, 37
1536307763.845, 0, 44, 20
1536307764.859, 0, 54, 23
1536307765.843, 0, 56, 27
1536307766.860, 0, 54, 23
1536307767.861, 0, 70, 34
1536307768.839, 0, 64, 38
1536307769.860, 0, 66, 53
1536307770.827, 0, 75, 53
1536307771.845, 0, 75, 57
1536307772.864, 0, 83, 53
1536307773.848, 0, 90, 50
1536307774.861, 0, 96, 40
1536307775.833, 0, 84, 43
1536307776.843, 0, 77, 48
1536307777.854, 0, 74, 34
1536307778.839, 0, 64, 43
1536307779.859, 0, 64, 38
1536307780.848, 0, 74, 35
1536307781.860, 0, 77, 38
1536307782.833, 0, 64, 41
1536307783.843, 0, 74, 44
1536307784.857, 0, 64, 50
1536307785.845, 0, 51, 48
1536307786.860, 0, 54, 38
1536307787.839, 0, 40, 30
1536307788.845, 0, 26, 14
1536307789.855, 0, 27, 13
1536307790.860, 0, 21, 16
1536307791.847, 0, 35, 23
1536307792.848, 0, 35, 27
1536307793.841, 0, 37, 23
1536307794.827, 0, 47, 35
1536307795.842, 0, 44, 38
1536307796.860, 0, 50, 38
1536307797.832, 0, 57, 56
1536307798.846, 0, 51, 44
1536307799.858, 0, 57, 41
1536307800.840, 0, 67, 48
1536307801.860, 0, 70, 44
1536307802.833, 0, 78, 44
1536307803.860, 0, 77, 43
1536307804.832, 0, 84, 40
1536307805.849, 0, 70, 30
1536307806.843, 0, 69, 27
1536307807.844, 0, 81, 21
1536307808.861, 0, 74, 30
1536307809.854, 0, 87, 47
1536307810.838, 0, 80, 51
1536307811.874, 0, 64, 57
1536307812.838, 0, 74, 43
1536307813.907, 0, 77, 27
1536307814.829, 0, 66, 13
1536307815.844, 0, 64, 16
1536307816.833, 0, 41, 20
1536307817.845, 0, 29, 23
1536307818.862, 0, 54, 35
1536307819.846, 0, 57, 40
1536307820.857, 0, 64, 50
1536307821.859, 0, 77, 51
1536307822.857, 0, 75, 47
1536307823.860, 0, 81, 38
1536307824.845, 0, 78, 35
1536307825.839, 0, 75, 17
1536307826.847, 0, 64, 20
1536307827.847, 0, 67, 20
1536307828.862, 0, 70, 17
1536307829.845, 0, 66, 30
1536307830.842, 0, 64, 47
1536307831.828, 0, 50, 34
1536307832.843, 0, 44, 27
1536307833.860, 0, 37, 24
1536307834.845, 0, 26, 8
1536307835.839, 0, 24, 16
1536307836.839, 0, 29, 26
1536307837.855, 0, 34, 37
1536307838.855, 0, 40, 37
1536307839.862, 0, 38, 38
1536307840.847, 0, 40, 47
1536307841.830, 0, 34, 38
1536307842.860, 0, 47, 35
1536307843.831, 0, 60, 37
1536307844.834, 0, 60, 21
1536307845.858, 0, 69, 14
1536307846.840, 0, 54, 20
1536307847.845, 0, 57, 23
1536307848.854, 0, 48, 38
1536307849.844, 0, 44, 50
1536307850.847, 0, 44, 51
1536307851.844, 0, 41, 53
1536307852.854, 0, 50, 50
1536307853.831, 0, 48, 57
1536307854.858, 0, 54, 60
1536307855.826, 0, 63, 50
1536307856.838, 0, 64, 48
1536307857.847, 0, 70, 30
1536307858.831, 0, 70, 34
1536307859.843, 0, 60, 30
1536307860.860, 0, 51, 24
1536307861.846, 0, 66, 27
1536307862.858, 0, 57, 26
1536307863.841, 0, 60, 51
1536307864.838, 0, 75, 56
1536307865.860, 0, 64, 61
1536307866.837, 0, 88, 51
1536307867.854, 0, 100, 26
1536307868.838, 0, 100, 11
1536307869.874, 0, 96, 13
1536307870.861, 0, 83, 16
1536307871.837, 0, 67, 21
1536307872.846, 0, 63, 30
1536307873.843, 0, 61, 21
1536307874.858, 0, 66, 21
1536307875.844, 0, 60, 11
1536307876.843, 0, 66, 1
1536307877.858, 0, 77, 1
1536307878.847, 0, 78, 1
1536307879.857, 0, 93, 16
1536307880.853, 0, 100, 26
1536307881.856, 0, 87, 23
1536307882.855, 0, 88, 17
1536307883.831, 0, 91, 20
1536307884.873, 0, 81, 20
1536307885.846, 0, 91, 23
1536307886.873, 0, 83, 13
1536307887.844, 0, 88, 13
1536307888.840, 0, 84, 13
1536307889.845, 0, 90, 10
1536307890.846, 0, 88, 17
1536307891.840, 0, 81, 20
1536307892.860, 0, 80, 20
1536307893.841, 0, 81, 17
1536307894.856, 0, 81, 21
1536307895.859, 0, 70, 11
1536307896.837, 0, 74, 13
1536307897.843, 0, 60, 11
1536307898.841, 0, 61, 10
1536307899.874, 0, 70, 4
1536307900.838, 0, 64, 14
1536307901.857, 0, 80, 20
1536307902.831, 0, 90, 17
1536307903.846, 0, 83, 21
1536307904.856, 0, 88, 16
1536307905.843, 0, 70, 17
1536307906.846, 0, 60, 35
1536307907.844, 0, 69, 35
1536307908.859, 0, 77, 29
1536307909.860, 0, 81, 35
1536307910.858, 0, 88, 16
1536307911.844, 0, 81, 14
1536307912.842, 0, 81, 27
1536307913.860, 0, 81, 13
1536307914.827, 0, 77, 11
1536307915.845, 0, 66, 20
1536307916.852, 0, 57, 8
1536307917.845, 0, 63, 16
1536307918.853, 0, 64, 21
1536307919.859, 0, 69, 8
1536307920.836, 0, 74, 11
1536307921.859, 0, 64, 3
1536307922.842, 0, 66, 8
1536307923.858, 0, 69, 10
1536307924.827, 0, 67, 14
1536307925.858, 0, 67, 20
1536307926.824, 0, 57, 16
1536307927.846, 0, 60, 37
1536307928.858, 0, 53, 38
1536307929.842, 0, 53, 30
1536307930.837, 0, 54, 43
1536307931.852, 0, 53, 30
1536307932.840, 0, 56, 20
1536307933.856, 0, 53, 24
1536307934.826, 0, 54, 14
1536307935.842, 0, 56, 1
1536307936.837, 0, 61, 13
1536307937.844, 0, 75, 21
1536307938.857, 0, 80, 27
1536307939.837, 0, 74, 40
1536307940.858, 0, 70, 24
1536307941.857, 0, 67, 23
1536307942.836, 0, 64, 10
1536307943.853, 0, 69, 23
1536307944.829, 0, 66, 29
1536307945.858, 0, 61, 20
1536307946.829, 0, 48, 29
1536307947.841, 0, 40, 14
1536307948.858, 0, 50, 16
1536307949.839, 0, 50, 23
1536307950.853, 0, 66, 20
1536307951.843, 0, 70, 14
1536307952.844, 0, 74, 4
1536307953.852, 0, 81, 1
1536307954.836, 0, 77, 1
1536307955.856, 0, 83, 4
1536307956.843, 0, 80, 4
1536307957.838, 0, 74, 1
1536307958.830, 0, 87, 1
1536307959.842, 0, 91, 1
1536307960.841, 0, 78, 13
1536307961.842, 0, 88, 34
1536307962.844, 0, 66, 27
1536307963.841, 0, 60, 30
1536307964.843, 0, 66, 13
1536307965.852, 0, 61, 10
1536307966.843, 0, 63, 20
1536307967.842, 0, 67, 29
1536307968.860, 0, 75, 43
1536307969.843, 0, 77, 41
1536307970.858, 0, 70, 35
1536307971.843, 0, 57, 26
1536307972.858, 0, 40, 20
1536307973.827, 0, 37, 20
1536307974.839, 0, 50, 14
1536307975.824, 0, 51, 21
1536307976.844, 0, 63, 14
1536307977.838, 0, 67, 14
1536307978.837, 0, 78, 21
1536307979.839, 0, 81, 8
1536307980.859, 0, 67, 20
1536307981.855, 0, 61, 16
1536307982.858, 0, 43, 1
1536307983.825, 0, 30, 1
1536307984.856, 0, 47, 1
1536307985.825, 0, 35, 7
1536307986.841, 0, 40, 34
1536307987.823, 0, 56, 34
1536307988.836, 0, 47, 34
1536307989.837, 0, 50, 10
1536307990.844, 0, 61, 7
1536307991.838, 0, 53, 17
1536307992.850, 0, 56, 20
1536307993.825, 0, 60, 37
1536307994.856, 0, 56, 30
1536307995.828, 0, 63, 44
1536307996.857, 0, 64, 35
1536307997.827, 0, 67, 35
1536307998.858, 0, 70, 23
1536307999.857, 0, 77, 13
1536308000.845, 0, 84, 16
1536308001.839, 0, 78, 13
1536308002.871, 0, 84, 21
1536308003.836, 0, 70, 17
1536308004.843, 0, 77, 17
1536308005.827, 0, 74, 26
1536308006.834, 0, 51, 23
1536308007.830, 0, 56, 37
1536308008.835, 0, 54, 41
1536308009.840, 0, 69, 34
1536308010.838, 0, 70, 41
1536308011.844, 0, 67, 35
1536308012.858, 0, 66, 29
1536308013.855, 0, 74, 30
1536308014.858, 0, 83, 27
1536308015.826, 0, 84, 35
1536308016.850, 0, 75, 48
1536308017.837, 0, 75, 57
1536308018.841, 0, 70, 56
1536308019.860, 0, 77, 43
1536308020.845, 0, 80, 35
1536308021.856, 0, 64, 30
1536308022.842, 0, 63, 27
1536308023.839, 0, 63, 40
1536308024.860, 0, 61, 48
1536308025.843, 0, 61, 38
1536308026.855, 0, 66, 50
1536308027.842, 0, 63, 38
1536308028.836, 0, 67, 29
1536308029.824, 0, 77, 38
1536308030.840, 0, 66, 26
1536308031.858, 0, 64, 21
1536308032.841, 0, 64, 30
1536308033.854, 0, 44, 21
1536308034.822, 0, 51, 29
1536308035.828, 0, 63, 38
1536308036.853, 0, 64, 23
1536308037.840, 0, 74, 26
1536308038.837, 0, 75, 17
1536308039.844, 0, 63, 11
1536308040.836, 0, 57, 21
1536308041.854, 0, 74, 34
1536308042.835, 0, 75, 35
1536308043.867, 0, 84, 34
1536308044.824, 0, 88, 34
1536308045.838, 0, 90, 23
1536308046.822, 0, 90, 35
1536308047.841, 0, 83, 48
1536308048.837, 0, 75, 26
1536308049.840, 0, 66, 35
1536308050.835, 0, 56, 26
1536308051.850, 0, 47, 24
1536308052.839, 0, 56, 41
1536308053.840, 0, 35, 30
1536308054.860, 0, 26, 44
1536308055.855, 0, 29, 38
1536308056.820, 0, 26, 47
1536308057.834, 0, 35, 44
1536308058.824, 0, 47, 29
1536308059.838, 0, 60, 38
1536308060.841, 0, 63, 24
1536308061.854, 0, 69, 21
1536308062.833, 0, 70, 26
1536308063.859, 0, 51, 21
1536308064.842, 0, 60, 38
1536308065.842, 0, 63, 53
1536308066.822, 0, 63, 48
1536308067.843, 0, 70, 41
1536308068.827, 0, 63, 34
1536308069.843, 0, 60, 24
1536308070.837, 0, 60, 21
1536308071.841, 0, 61, 30
1536308072.854, 0, 61, 27
1536308073.868, 0, 61, 38
1536308074.840, 0, 57, 48
1536308075.850, 0, 54, 41
1536308076.824, 0, 44, 41
1536308077.839, 0, 51, 37
1536308078.821, 0, 61, 35
1536308079.835, 0, 61, 44
1536308080.839, 0, 66, 38
1536308081.842, 0, 61, 43
1536308082.854, 0, 50, 34
1536308083.822, 0, 56, 24
1536308084.855, 0, 57, 47
1536308085.851, 0, 60, 41
1536308086.827, 0, 67, 56
1536308087.857, 0, 63, 53
1536308088.839, 0, 60, 29
1536308089.840, 0, 66, 37
1536308090.857, 0, 60, 30
1536308091.835, 0, 63, 34
1536308092.839, 0, 63, 41
1536308093.824, 0, 67, 30
1536308094.836, 0, 54, 23
1536308095.844, 0, 43, 29
1536308096.827, 0, 43, 23
1536308097.855, 0, 34, 24
1536308098.834, 0, 47, 26
1536308099.851, 0, 57, 38
1536308100.827, 0, 70, 56
1536308101.834, 0, 70, 53
1536308102.839, 0, 64, 64
1536308103.836, 0, 64, 53
1536308104.855, 0, 54, 48
1536308105.824, 0, 69, 56
1536308106.842, 0, 74, 37
1536308107.827, 0, 51, 23
1536308108.834, 0, 54, 17
1536308109.839, 0, 43, 13
1536308110.854, 0, 57, 26
1536308111.840, 0, 66, 37
1536308112.858, 0, 60, 43
1536308113.842, 0, 60, 38
1536308114.852, 0, 48, 20
1536308115.825, 0, 63, 27
1536308116.872, 0, 70, 38
1536308117.824, 0, 80, 37
1536308118.842, 0, 78, 50
1536308119.833, 0, 80, 50
1536308120.828, 0, 74, 37
1536308121.837, 0, 63, 40
1536308122.853, 0, 66, 50
1536308123.839, 0, 57, 44
1536308124.849, 0, 69, 48
1536308125.835, 0, 63, 53
1536308126.856, 0, 56, 50
1536308127.821, 0, 53, 29
1536308128.838, 0, 48, 21
1536308129.824, 0, 57, 16
1536308130.838, 0, 64, 20
1536308131.837, 0, 75, 40
1536308132.853, 0, 80, 47
1536308133.836, 0, 77, 57
1536308134.848, 0, 67, 63
1536308135.825, 0, 64, 66
1536308136.857, 0, 60, 66
1536308137.822, 0, 57, 60
1536308138.833, 0, 57, 54
1536308139.827, 0, 63, 57
1536308140.836, 0, 54, 51
1536308141.837, 0, 60, 48
1536308142.853, 0, 66, 47
1536308143.834, 0, 54, 43
1536308144.853, 0, 51, 44
1536308145.832, 0, 44, 53
1536308146.871, 0, 30, 48
1536308147.826, 0, 35, 54
1536308148.838, 0, 37, 63
1536308149.826, 0, 48, 57
1536308150.838, 0, 53, 63
1536308151.842, 0, 51, 40
1536308152.826, 0, 43, 26
1536308153.853, 0, 41, 20
1536308154.824, 0, 48, 24
1536308155.841, 0, 48, 41
1536308156.853, 0, 63, 53
1536308157.823, 0, 63, 54
1536308158.852, 0, 60, 48
1536308159.826, 0, 63, 38
1536308160.835, 0, 63, 37
1536308161.854, 0, 54, 47
1536308162.839, 0, 48, 41
1536308163.837, 0, 51, 56
1536308164.821, 0, 53, 61
1536308165.838, 0, 70, 57
1536308166.832, 0, 75, 61
1536308167.832, 0, 69, 50
1536308168.855, 0, 69, 44
1536308169.838, 0, 51, 43
1536308170.851, 0, 51, 56
1536308171.824, 0, 47, 54
1536308172.854, 0, 34, 44
1536308173.857, 0, 41, 54
1536308174.864, 0, 38, 56
1536308175.854, 0, 38, 67
1536308176.820, 0, 41, 84
1536308177.828, 0, 30, 77
1536308178.821, 0, 44, 66
1536308179.838, 0, 48, 56
1536308180.837, 0, 47, 44
1536308181.840, 0, 67, 43
1536308182.838, 0, 64, 37
1536308183.847, 0, 69, 38
1536308184.838, 0, 81, 47
1536308185.853, 0, 60, 40
1536308186.822, 0, 47, 43
1536308187.854, 0, 44, 41
1536308188.821, 0, 43, 47
1536308189.825, 0, 51, 50
1536308190.836, 0, 56, 47
1536308191.826, 0, 54, 50
1536308192.834, 0, 54, 48
1536308193.848, 0, 56, 47
1536308194.835, 0, 63, 44
1536308195.840, 0, 57, 41
1536308196.839, 0, 53, 24
1536308197.840, 0, 50, 30
1536308198.852, 0, 54, 35
1536308199.831, 0, 60, 26
1536308200.822, 0, 61, 47
1536308201.832, 0, 56, 41
1536308202.850, 0, 53, 41
1536308203.822, 0, 47, 51
1536308204.839, 0, 51, 47
1536308205.848, 0, 50, 44
1536308206.837, 0, 50, 41
1536308207.854, 0, 63, 30
1536308208.822, 0, 63, 24
1536308209.837, 0, 77, 38
1536308210.824, 0, 77, 44
1536308211.839, 0, 51, 47
1536308212.835, 0, 61, 54
1536308213.852, 0, 53, 50
1536308214.836, 0, 35, 38
1536308215.825, 0, 63, 47
1536308216.839, 0, 53, 37
1536308217.868, 0, 60, 30
1536308218.820, 0, 64, 38
1536308219.835, 0, 57, 35
1536308220.819, 0, 63, 43
1536308221.833, 0, 51, 47
1536308222.853, 0, 56, 47
1536308223.838, 0, 51, 40
1536308224.851, 0, 43, 38
1536308225.817, 0, 48, 30
1536308226.835, 0, 35, 30
1536308227.821, 0, 34, 29
1536308228.852, 0, 20, 37
1536308229.856, 0, 29, 47
1536308230.838, 0, 34, 50
1536308231.836, 0, 37, 63
1536308232.866, 0, 47, 56
1536308233.834, 0, 34, 38
1536308234.855, 0, 41, 34
1536308235.821, 0, 54, 30
1536308236.837, 0, 61, 38
1536308237.817, 0, 67, 43
1536308238.830, 0, 66, 47
1536308239.839, 0, 63, 50
1536308240.821, 0, 56, 44
1536308241.831, 0, 44, 41
1536308242.837, 0, 48, 50
1536308243.855, 0, 43, 50
1536308244.851, 0, 37, 47
1536308245.834, 0, 48, 40
1536308246.837, 0, 43, 29
1536308247.825, 0, 54, 26
1536308248.834, 0, 64, 38
1536308249.819, 0, 54, 47
1536308250.824, 0, 61, 43
1536308251.829, 0, 44, 40
1536308252.824, 0, 48, 41
1536308253.830, 0, 53, 47
1536308254.846, 0, 51, 54
1536308255.830, 0, 63, 57
1536308256.837, 0, 61, 53
1536308257.817, 0, 69, 56
1536308258.850, 0, 77, 63
1536308259.816, 0, 69, 63
1536308260.839, 0, 64, 53
1536308261.832, 0, 64, 51
1536308262.823, 0, 57, 54
1536308263.835, 0, 57, 48
1536308264.853, 0, 66, 57
1536308265.839, 0, 60, 54
1536308266.845, 0, 50, 43
1536308267.839, 0, 60, 51
1536308268.836, 0, 60, 54
1536308269.833, 0, 56, 51
1536308270.831, 0, 74, 56
1536308271.821, 0, 50, 51
1536308272.830, 0, 44, 47
1536308273.852, 0, 51, 50
1536308274.831, 0, 41, 30
1536308275.833, 0, 56, 29
1536308276.845, 0, 43, 14
1536308277.822, 0, 47, 14
1536308278.853, 0, 54, 26
1536308279.837, 0, 35, 23
1536308280.834, 0, 51, 40
1536308281.821, 0, 41, 43
1536308282.838, 0, 26, 40
1536308283.833, 0, 35, 41
1536308284.832, 0, 26, 30
1536308285.832, 0, 34, 27
1536308286.820, 0, 48, 37
1536308287.835, 0, 66, 43
1536308288.846, 0, 69, 56
1536308289.821, 0, 70, 60
1536308290.831, 0, 77, 57
1536308291.823, 0, 74, 50
1536308292.830, 0, 70, 43
1536308293.836, 0, 69, 34
1536308294.829, 0, 66, 38
1536308295.836, 0, 40, 27
1536308296.814, 0, 44, 26
1536308297.830, 0, 40, 37
1536308298.821, 0, 37, 35
1536308299.835, 0, 60, 51
1536308300.838, 0, 47, 44
1536308301.824, 0, 44, 47
1536308302.863, 0, 34, 47
1536308303.848, 0, 44, 50
1536308304.830, 0, 50, 51
1536308305.837, 0, 57, 48
1536308306.823, 0, 70, 50
1536308307.834, 0, 51, 47
1536308308.819, 0, 51, 64
1536308309.830, 0, 50, 63
1536308310.820, 0, 51, 63
1536308311.821, 0, 54, 64
1536308312.837, 0, 50, 51
1536308313.819, 0, 48, 50
1536308314.838, 0, 35, 48
1536308315.851, 0, 35, 34
1536308316.847, 0, 38, 30
1536308317.844, 0, 48, 34
1536308318.819, 0, 64, 29
1536308319.839, 0, 74, 30
1536308320.822, 0, 80, 41
1536308321.839, 0, 74, 41
1536308322.835, 0, 69, 47
1536308323.830, 0, 60, 47
1536308324.829, 0, 53, 47
1536308325.853, 0, 47, 44
1536308326.836, 0, 43, 44
1536308327.845, 0, 41, 41
1536308328.818, 0, 40, 35
1536308329.851, 0, 48, 38
1536308330.819, 0, 43, 26
1536308331.836, 0, 51, 34
1536308332.833, 0, 50, 38
1536308333.837, 0, 30, 34
1536308334.853, 0, 35, 50
1536308335.817, 0, 30, 57
1536308336.834, 0, 34, 54
1536308337.838, 0, 57, 50
1536308338.818, 0, 60, 35
1536308339.853, 0, 60, 43
1536308340.836, 0, 67, 53
1536308341.834, 0, 56, 53
1536308342.849, 0, 63, 61
1536308343.829, 0, 74, 51
1536308344.845, 0, 69, 37
1536308345.823, 0, 63, 38
1536308346.850, 0, 67, 43
1536308347.817, 0, 47, 34
1536308348.819, 0, 51, 37
1536308349.837, 0, 53, 53
1536308350.820, 0, 40, 44
1536308351.835, 0, 66, 53
1536308352.822, 0, 61, 53
1536308353.831, 0, 69, 40
1536308354.835, 0, 69, 41
1536308355.832, 0, 61, 51
1536308356.834, 0, 64, 54
1536308357.821, 0, 66, 63
1536308358.836, 0, 78, 60
1536308359.822, 0, 67, 48
1536308360.828, 0, 69, 50
1536308361.827, 0, 70, 38
1536308362.818, 0, 63, 47
1536308363.834, 0, 53, 30
1536308364.834, 0, 54, 34
1536308365.827, 0, 56, 44
1536308366.867, 0, 63, 44
1536308367.817, 0, 70, 54
1536308368.836, 0, 60, 54
1536308369.820, 0, 47, 54
1536308370.837, 0, 40, 51
1536308371.823, 0, 51, 51
1536308372.837, 0, 54, 37
1536308373.834, 0, 64, 27
1536308374.848, 0, 75, 30
1536308375.836, 0, 64, 47
1536308376.849, 0, 69, 57
1536308377.834, 0, 66, 56
1536308378.834, 0, 56, 51
1536308379.816, 0, 48, 40
1536308380.834, 0, 51, 41
1536308381.816, 0, 44, 35
1536308382.819, 0, 44, 43
1536308383.835, 0, 54, 38
1536308384.836, 0, 56, 41
1536308385.830, 0, 56, 54
1536308386.834, 0, 51, 48
1536308387.843, 0, 64, 54
1536308388.850, 0, 63, 56
1536308389.818, 0, 77, 50
1536308390.830, 0, 94, 47
1536308391.815, 0, 84, 43
1536308392.829, 0, 78, 40
1536308393.837, 0, 77, 51
1536308394.820, 0, 66, 56
1536308395.830, 0, 61, 56
1536308396.837, 0, 57, 50
1536308397.831, 0, 56, 41
1536308398.865, 0, 48, 40
1536308399.821, 0, 43, 44
1536308400.833, 0, 54, 56
1536308401.820, 0, 63, 57
1536308402.848, 0, 50, 60
1536308403.834, 0, 53, 54
1536308404.828, 0, 60, 43
1536308405.834, 0, 50, 35
1536308406.818, 0, 61, 40
1536308407.828, 0, 66, 47
1536308408.843, 0, 48, 57
1536308409.832, 0, 40, 63
1536308410.847, 0, 37, 63
1536308411.833, 0, 37, 63
1536308412.834, 0, 35, 61
1536308413.832, 0, 41, 57
1536308414.828, 0, 47, 50
1536308415.832, 0, 40, 34
1536308416.819, 0, 50, 30
1536308417.846, 0, 61, 34
1536308418.817, 0, 63, 27
1536308419.822, 0, 74, 48
1536308420.842, 0, 63, 48
1536308421.815, 0, 61, 56
1536308422.829, 0, 66, 57
1536308423.816, 0, 60, 50
1536308424.836, 0, 78, 51
1536308425.830, 0, 78, 50
1536308426.822, 0, 69, 66
1536308427.830, 0, 69, 67
1536308428.837, 0, 57, 70
1536308429.832, 0, 50, 64
1536308430.818, 0, 51, 48
1536308431.833, 0, 50, 47
1536308432.848, 0, 51, 43
1536308433.822, 0, 47, 48
1536308434.828, 0, 54, 47
1536308435.847, 0, 64, 43
1536308436.820, 0, 70, 40
1536308437.831, 0, 74, 50
1536308438.816, 0, 75, 61
1536308439.828, 0, 70, 57
1536308440.815, 0, 56, 51
1536308441.820, 0, 63, 38
1536308442.816, 0, 50, 29
1536308443.829, 0, 56, 38
1536308444.828, 0, 75, 38
1536308445.848, 0, 70, 44
1536308446.831, 0, 78, 63
1536308447.846, 0, 51, 54
1536308448.812, 0, 30, 51
1536308449.833, 0, 47, 51
1536308450.821, 0, 57, 38
1536308451.831, 0, 63, 38
1536308452.815, 0, 88, 41
1536308453.820, 0, 74, 35
1536308454.826, 0, 57, 29
1536308455.831, 0, 48, 27
1536308456.834, 0, 21, 29
1536308457.844, 0, 29, 35
1536308458.845, 0, 43, 41
1536308459.835, 0, 57, 44
1536308460.818, 0, 63, 50
1536308461.835, 0, 56, 53
1536308462.822, 0, 50, 48
1536308463.826, 0, 40, 60
1536308464.833, 0, 50, 53
1536308465.831, 0, 57, 50
1536308466.833, 0, 57, 57
1536308467.818, 0, 78, 47
1536308468.832, 0, 87, 51
1536308469.850, 0, 75, 43
1536308470.833, 0, 75, 48
1536308471.847, 0, 78, 61
1536308472.830, 0, 60, 48
1536308473.845, 0, 69, 57
1536308474.848, 0, 70, 44
1536308475.849, 0, 54, 35
1536308476.830, 0, 56, 43
1536308477.814, 0, 50, 35
1536308478.831, 0, 47, 29
1536308479.814, 0, 56, 27
1536308480.816, 0, 60, 27
1536308481.850, 0, 54, 34
1536308482.831, 0, 57, 43
1536308483.826, 0, 50, 50
1536308484.836, 0, 50, 44
1536308485.828, 0, 56, 43
1536308486.828, 0, 48, 37
1536308487.832, 0, 51, 24
1536308488.850, 0, 50, 40
1536308489.814, 0, 50, 37
1536308490.832, 0, 50, 37
1536308491.817, 0, 53, 50
1536308492.818, 0, 56, 38
1536308493.827, 0, 51, 47
1536308494.831, 0, 53, 53
1536308495.825, 0, 64, 44
1536308496.833, 0, 63, 43
1536308497.827, 0, 64, 41
1536308498.831, 0, 74, 44
1536308499.818, 0, 53, 43
1536308500.831, 0, 38, 50
1536308501.834, 0, 38, 47
1536308502.816, 0, 35, 43
1536308503.844, 0, 40, 53
1536308504.818, 0, 51, 57
1536308505.843, 0, 56, 54
1536308506.844, 0, 40, 47
1536308507.830, 0, 54, 37
1536308508.847, 0, 60, 30
1536308509.816, 0, 48, 43
1536308510.833, 0, 60, 66
1536308511.816, 0, 38, 69
1536308512.825, 0, 44, 70
1536308513.809, 0, 66, 60
1536308514.830, 0, 67, 48
1536308515.824, 0, 74, 43
1536308516.840, 0, 60, 38
1536308517.831, 0, 43, 34
1536308518.842, 0, 48, 29
1536308519.813, 0, 50, 38
1536308520.844, 0, 53, 35
1536308521.817, 0, 53, 43
1536308522.830, 0, 43, 29
1536308523.819, 0, 30, 34
1536308524.831, 0, 23, 44
1536308525.826, 0, 30, 38
1536308526.816, 0, 41, 57
1536308527.828, 0, 66, 50
1536308528.841, 0, 88, 41
1536308529.832, 0, 88, 44
1536308530.849, 0, 81, 34
1536308531.846, 0, 64, 40
1536308532.832, 0, 53, 44
1536308533.810, 0, 41, 34
1536308534.832, 0, 29, 35
1536308535.845, 0, 38, 30
1536308536.816, 0, 47, 37
1536308537.825, 0, 64, 54
1536308538.814, 0, 51, 43
1536308539.829, 0, 40, 40
1536308540.834, 0, 41, 34
1536308541.817, 0, 27, 20
1536308542.845, 0, 53, 44
1536308543.816, 0, 64, 47
1536308544.827, 0, 53, 56
1536308545.829, 0, 57, 63
1536308546.831, 0, 57, 60
1536308547.831, 0, 41, 44
1536308548.818, 0, 43, 50
1536308549.829, 0, 48, 43
1536308550.810, 0, 35, 43
1536308551.832, 0, 44, 57
1536308552.832, 0, 53, 43
1536308553.814, 0, 44, 56
1536308554.832, 0, 63, 53
1536308555.810, 0, 67, 51
1536308556.826, 0, 54, 50
1536308557.835, 0, 48, 40
1536308558.831, 0, 50, 35
1536308559.824, 0, 37, 38
1536308560.813, 0, 41, 48
1536308561.845, 0, 44, 51
1536308562.818, 0, 38, 48
1536308563.813, 0, 43, 48
1536308564.831, 0, 56, 43
1536308565.816, 0, 66, 35
1536308566.830, 0, 64, 35
1536308567.828, 0, 78, 40
1536308568.830, 0, 67, 41
1536308569.828, 0, 56, 47
1536308570.815, 0, 50, 64
1536308571.828, 0, 35, 50
1536308572.826, 0, 30, 51
1536308573.831, 0, 40, 56
1536308574.846, 0, 38, 44
1536308575.830, 0, 50, 44
1536308576.840, 0, 60, 48
1536308577.848, 0, 53, 37
1536308578.830, 0, 77, 43
1536308579.829, 0, 78, 44
1536308580.811, 0, 81, 44
1536308581.830, 0, 77, 48
1536308582.815, 0, 51, 34
1536308583.820, 0, 43, 37
1536308584.815, 0, 34, 27
1536308585.815, 0, 43, 30
1536308586.830, 0, 38, 38
1536308587.833, 0, 43, 35
1536308588.827, 0, 50, 41
1536308589.844, 0, 48, 41
1536308590.818, 0, 56, 47
1536308591.847, 0, 60, 44
1536308592.812, 0, 63, 38
1536308593.828, 0, 60, 38
1536308594.812, 0, 64, 38
1536308595.830, 0, 54, 43
1536308596.823, 0, 47, 37
1536308597.816, 0, 47, 35
1536308598.827, 0, 43, 29
1536308599.829, 0, 50, 23
1536308600.827, 0, 53, 38
1536308601.845, 0, 57, 40
1536308602.828, 0, 67, 40
1536308603.828, 0, 69, 41
1536308604.818, 0, 74, 27
1536308605.824, 0, 80, 29
1536308606.845, 0, 70, 43
1536308607.831, 0, 61, 54
1536308608.828, 0, 56, 54
1536308609.815, 0, 56, 56
1536308610.823, 0, 57, 47
1536308611.817, 0, 60, 30
1536308612.813, 0, 60, 38
1536308613.831, 0, 54, 43
1536308614.809, 0, 66, 41
1536308615.829, 0, 67, 56
1536308616.827, 0, 66, 48
1536308617.831, 0, 67, 48
1536308618.826, 0, 51, 47
1536308619.814, 0, 53, 41
1536308620.831, 0, 44, 43
1536308621.816, 0, 41, 35
1536308622.832, 0, 43, 34
1536308623.813, 0, 47, 37
1536308624.812, 0, 64, 44
1536308625.828, 0, 60, 35
1536308626.811, 0, 74, 47
1536308627.831, 0, 70, 38
1536308628.844, 0, 53, 29
1536308629.823, 0, 67, 53
1536308630.830, 0, 63, 47
1536308631.831, 0, 50, 35
1536308632.828, 0, 61, 43
1536308633.813, 0, 54, 40
1536308634.812, 0, 43, 41
1536308635.825, 0, 60, 61
1536308636.810, 0, 64, 51
1536308637.825, 0, 54, 35
1536308638.829, 0, 51, 35
1536308639.816, 0, 43, 27
1536308640.827, 0, 41, 34
1536308641.810, 0, 44, 53
1536308642.826, 0, 48, 51
1536308643.815, 0, 43, 51
1536308644.816, 0, 30, 53
1536308645.824, 0, 38, 50
1536308646.830, 0, 38, 56
1536308647.848, 0, 38, 56
1536308648.839, 0, 40, 60
1536308649.844, 0, 40, 47
1536308650.831, 0, 43, 27
1536308651.808, 0, 50, 34
1536308652.829, 0, 54, 26
1536308653.807, 0, 50, 37
1536308654.814, 0, 53, 51
1536308655.812, 0, 48, 41
1536308656.828, 0, 35, 35
1536308657.829, 0, 38, 35
1536308658.815, 0, 29, 34
1536308659.827, 0, 37, 37
1536308660.842, 0, 63, 48
1536308661.813, 0, 63, 47
1536308662.838, 0, 64, 41
1536308663.814, 0, 54, 37
1536308664.832, 0, 48, 27
1536308665.808, 0, 44, 24
1536308666.833, 0, 47, 37
1536308667.828, 0, 56, 47
1536308668.812, 0, 69, 51
1536308669.830, 0, 77, 51
1536308670.814, 0, 75, 47
1536308671.821, 0, 83, 35
1536308672.846, 0, 64, 34
1536308673.830, 0, 67, 41
1536308674.828, 0, 77, 38
1536308675.827, 0, 64, 41
1536308676.821, 0, 74, 48
1536308677.842, 0, 54, 41
1536308678.829, 0, 51, 44
1536308679.858, 0, 54, 50
1536308680.808, 0, 41, 44
1536308681.828, 0, 56, 51
1536308682.813, 0, 61, 51
1536308683.828, 0, 60, 44
1536308684.843, 0, 63, 48
1536308685.829, 0, 60, 40
1536308686.828, 0, 56, 37
1536308687.829, 0, 54, 38
1536308688.822, 0, 64, 34
1536308689.823, 0, 54, 44
1536308690.807, 0, 50, 41
1536308691.821, 0, 43, 37
1536308692.810, 0, 38, 34
1536308693.827, 0, 51, 20
1536308694.811, 0, 50, 16
1536308695.816, 0, 57, 23
1536308696.823, 0, 44, 23
1536308697.809, 0, 43, 16
1536308698.824, 0, 54, 26
1536308699.843, 0, 56, 13
1536308700.828, 0, 70, 27
1536308701.843, 0, 56, 40
1536308702.812, 0, 41, 48
1536308703.826, 0, 43, 53
1536308704.808, 0, 35, 47
1536308705.848, 0, 54, 60
1536308706.821, 0, 74, 53
1536308707.815, 0, 74, 74
1536308708.828, 0, 61, 61
1536308709.858, 0, 40, 35
1536308710.822, 0, 26, 38
1536308711.831, 0, 11, 30
1536308712.812, 0, 30, 43
1536308713.829, 0, 51, 57
1536308714.806, 0, 51, 61
1536308715.830, 0, 64, 67
1536308716.827, 0, 63, 61
1536308717.812, 0, 63, 69
1536308718.821, 0, 69, 50
1536308719.816, 0, 80, 43
1536308720.831, 0, 78, 29
1536308721.847, 0, 64, 30
1536308722.811, 0, 63, 50
1536308723.828, 0, 54, 47
1536308724.807, 0, 47, 66
1536308725.828, 0, 56, 48
1536308726.814, 0, 56, 44
1536308727.828, 0, 56, 50
1536308728.827, 0, 64, 50
1536308729.827, 0, 61, 57
1536308730.826, 0, 60, 60
1536308731.826, 0, 43, 53
1536308732.807, 0, 37, 41
1536308733.842, 0, 38, 50
1536308734.807, 0, 30, 44
1536308735.843, 0, 53, 48
1536308736.806, 0, 53, 56
1536308737.811, 0, 48, 56
1536308738.820, 0, 64, 61
1536308739.811, 0, 64, 74
1536308740.826, 0, 57, 66
1536308741.806, 0, 60, 60
1536308742.821, 0, 43, 51
1536308743.809, 0, 35, 47
1536308744.827, 0, 34, 51
1536308745.825, 0, 37, 64
1536308746.829, 0, 51, 64
1536308747.812, 0, 67, 57
1536308748.830, 0, 94, 56
1536308749.815, 0, 94, 51
1536308750.856, 0, 91, 53
1536308751.814, 0, 93, 50
1536308752.824, 0, 74, 40
1536308753.806, 0, 67, 21
1536308754.825, 0, 74, 26
1536308755.809, 0, 57, 30
1536308756.813, 0, 50, 40
1536308757.829, 0, 63, 54
1536308758.840, 0, 48, 50
1536308759.814, 0, 53, 50
1536308760.829, 0, 61, 47
1536308761.823, 0, 53, 50
1536308762.841, 0, 56, 57
1536308763.812, 0, 51, 60
1536308764.830, 0, 50, 60
1536308765.814, 0, 60, 54
1536308766.826, 0, 57, 54
1536308767.828, 0, 60, 53
1536308768.827, 0, 64, 53
1536308769.829, 0, 64, 54
1536308770.845, 0, 61, 56
1536308771.820, 0, 61, 54
1536308772.827, 0, 56, 60
1536308773.811, 0, 44, 63
1536308774.827, 0, 54, 61
1536308775.815, 0, 66, 63
1536308776.828, 0, 61, 64
1536308777.823, 0, 56, 41
1536308778.809, 0, 54, 26
1536308779.825, 0, 53, 30
1536308780.845, 0, 67, 21
1536308781.819, 0, 75, 41
1536308782.854, 0, 77, 53
1536308783.804, 0, 88, 50
1536308784.825, 0, 66, 57
1536308785.808, 0, 69, 63
1536308786.825, 0, 54, 60
1536308787.822, 0, 34, 60
1536308788.810, 0, 43, 64
1536308789.820, 0, 54, 66
1536308790.806, 0, 67, 64
1536308791.828, 0, 51, 64
1536308792.828, 0, 50, 60
1536308793.811, 0, 35, 50
1536308794.825, 0, 38, 51
1536308795.806, 0, 50, 47
1536308796.826, 0, 38, 37
1536308797.808, 0, 35, 37
1536308798.812, 0, 26, 41
1536308799.819, 0, 38, 38
1536308800.814, 0, 56, 50
1536308801.823, 0, 74, 53
1536308802.826, 0, 66, 43
1536308803.824, 0, 69, 54
1536308804.829, 0, 67, 48
1536308805.805, 0, 54, 41
1536308806.826, 0, 61, 41
1536308807.814, 0, 43, 38
1536308808.819, 0, 40, 35
1536308809.826, 0, 41, 27
1536308810.811, 0, 48, 24
1536308811.827, 0, 40, 11
1536308812.807, 0, 38, 13
1536308813.827, 0, 50, 30
1536308814.813, 0, 41, 29
1536308815.814, 0, 61, 37
1536308816.827, 0, 64, 37
1536308817.813, 0, 56, 37
1536308818.829, 0, 66, 47
1536308819.824, 0, 67, 57
1536308820.827, 0, 66, 56
1536308821.826, 0, 60, 50
1536308822.811, 0, 61, 43
1536308823.836, 0, 63, 37
1536308824.810, 0, 70, 43
1536308825.809, 0, 69, 40
1536308826.805, 0, 61, 41
1536308827.811, 0, 56, 44
1536308828.826, 0, 40, 38
1536308829.840, 0, 38, 34
1536308830.828, 0, 35, 23
1536308831.821, 0, 38, 21
1536308832.819, 0, 50, 17
1536308833.839, 0, 50, 30
1536308834.827, 0, 50, 48
1536308835.827, 0, 24, 47
1536308836.807, 0, 29, 57
1536308837.824, 0, 27, 57
1536308838.818, 0, 35, 53
1536308839.808, 0, 43, 51
1536308840.820, 0, 43, 51
1536308841.841, 0, 54, 47
1536308842.811, 0, 44, 50
1536308843.820, 0, 50, 47
1536308844.808, 0, 40, 37
1536308845.812, 0, 29, 47
1536308846.804, 0, 29, 48
1536308847.825, 0, 29, 67
1536308848.818, 0, 48, 77
1536308849.835, 0, 47, 67
1536308850.823, 0, 54, 64
1536308851.804, 0, 54, 54
1536308852.822, 0, 60, 50
1536308853.839, 0, 64, 51
1536308854.812, 0, 48, 41
1536308855.827, 0, 54, 47
1536308856.804, 0, 37, 56
1536308857.821, 0, 41, 54
1536308858.827, 0, 60, 57
1536308859.812, 0, 57, 60
1536308860.828, 0, 60, 44
1536308861.809, 0, 57, 53
1536308862.828, 0, 57, 50
1536308863.810, 0, 50, 54
1536308864.809, 0, 41, 54
1536308865.825, 0, 41, 54
1536308866.813, 0, 43, 61
1536308867.828, 0, 53, 48
1536308868.806, 0, 53, 41
1536308869.827, 0, 63, 37
1536308870.822, 0, 74, 27
1536308871.813, 0, 77, 17
1536308872.824, 0, 94, 29
1536308873.810, 0, 81, 23
1536308874.826, 0, 67, 40
1536308875.820, 0, 54, 44
1536308876.808, 0, 47, 44
1536308877.828, 0, 53, 53
1536308878.811, 0, 54, 37
1536308879.827, 0, 57, 57
1536308880.822, 0, 44, 51
1536308881.823, 0, 48, 51
1536308882.822, 0, 53, 69
1536308883.806, 0, 44, 54
1536308884.822, 0, 53, 57
1536308885.803, 0, 44, 56
1536308886.808, 0, 29, 54
1536308887.821, 0, 43, 56
1536308888.805, 0, 35, 51
1536308889.820, 0, 26, 48
1536308890.826, 0, 34, 37
1536308891.819, 0, 30, 35
1536308892.822, 0, 40, 43
1536308893.806, 0, 43, 44
1536308894.842, 0, 48, 43
1536308895.803, 0, 51, 37
1536308896.810, 0, 56, 35
1536308897.798, 0, 70, 38
1536308898.809, 0, 53, 43
1536308899.822, 0, 57, 50
1536308900.825, 0, 57, 50
1536308901.824, 0, 43, 29
1536308902.824, 0, 48, 30
1536308903.824, 0, 43, 27
1536308904.818, 0, 44, 24
1536308905.824, 0, 56, 54
1536308906.821, 0, 63, 37
1536308907.807, 0, 74, 35
1536308908.810, 0, 70, 41
1536308909.836, 0, 67, 24
1536308910.823, 0, 75, 29
1536308911.817, 0, 69, 48
1536308912.833, 0, 61, 48
1536308913.826, 0, 69, 63
1536308914.839, 0, 69, 74
1536308915.812, 0, 48, 54
1536308916.824, 0, 44, 50
1536308917.810, 0, 27, 35
1536308918.818, 0, 27, 40
1536308919.821, 0, 44, 48
1536308920.821, 0, 44, 44
1536308921.825, 0, 43, 47
1536308922.808, 0, 44, 35
1536308923.826, 0, 54, 35
1536308924.833, 0, 57, 47
1536308925.806, 0, 64, 40
1536308926.848, 0, 57, 44
1536308927.811, 0, 53, 47
1536308928.826, 0, 56, 51
1536308929.821, 0, 57, 57
1536308930.825, 0, 57, 60
1536308931.820, 0, 54, 61
1536308932.810, 0, 50, 48
1536308933.821, 0, 54, 44
1536308934.797, 0, 54, 30
1536308935.826, 0, 51, 29
1536308936.840, 0, 57, 20
1536308937.807, 0, 51, 29
1536308938.823, 0, 63, 44
1536308939.806, 0, 75, 41
1536308940.809, 0, 69, 60
1536308941.817, 0, 75, 57
1536308942.821, 0, 54, 57
1536308943.822, 0, 43, 64
1536308944.804, 0, 41, 56
1536308945.808, 0, 38, 61
1536308946.809, 0, 57, 64
1536308947.802, 0, 56, 63
1536308948.820, 0, 64, 66
1536308949.803, 0, 66, 54
1536308950.820, 0, 60, 53
1536308951.819, 0, 61, 54
1536308952.838, 0, 66, 47
1536308953.823, 0, 61, 47
1536308954.810, 0, 63, 27
1536308955.820, 0, 64, 20
1536308956.805, 0, 43, 24
1536308957.821, 0, 48, 13
1536308958.816, 0, 54, 23
1536308959.811, 0, 69, 29
1536308960.824, 0, 77, 29
1536308961.825, 0, 81, 48
1536308962.819, 0, 77, 44
1536308963.822, 0, 64, 44
1536308964.808, 0, 77, 44
1536308965.824, 0, 81, 38
1536308966.808, 0, 80, 41
1536308967.825, 0, 75, 44
1536308968.795, 0, 75, 50
1536308969.806, 0, 53, 50
1536308970.822, 0, 47, 53
1536308971.807, 0, 51, 43
1536308972.821, 0, 37, 40
1536308973.818, 0, 54, 44
1536308974.805, 0, 70, 38
1536308975.819, 0, 63, 38
1536308976.817, 0, 60, 20
1536308977.822, 0, 57, 11
1536308978.823, 0, 51, 16
1536308979.807, 0, 50, 14
1536308980.823, 0, 69, 38
1536308981.808, 0, 77, 51
1536308982.833, 0, 66, 53
1536308983.818, 0, 78, 56
1536308984.825, 0, 61, 61
1536308985.822, 0, 53, 47
1536308986.803, 0, 43, 38
1536308987.808, 0, 43, 35
1536308988.802, 0, 67, 21
1536308989.809, 0, 50, 27
1536308990.816, 0, 57, 21
1536308991.818, 0, 56, 21
1536308992.817, 0, 43, 34
1536308993.804, 0, 56, 41
1536308994.819, 0, 56, 50
1536308995.794, 0, 50, 48
1536308996.808, 0, 40, 53
1536308997.832, 0, 50, 41
1536308998.807, 0, 38, 44
1536308999.822, 0, 29, 47
1536309000.823, 0, 34, 37
1536309001.805, 0, 13, 44
1536309002.815, 0, 35, 51
1536309003.808, 0, 44, 61
1536309004.815, 0, 63, 61
1536309005.803, 0, 69, 50
1536309006.820, 0, 56, 43
1536309007.803, 0, 41, 41
1536309008.822, 0, 21, 35
1536309009.817, 0, 30, 40
1536309010.807, 0, 40, 41
1536309011.815, 0, 57, 35
1536309012.837, 0, 54, 51
1536309013.810, 0, 54, 48
1536309014.823, 0, 54, 43
1536309015.816, 0, 44, 44
1536309016.802, 0, 48, 35
1536309017.803, 0, 43, 37
1536309018.808, 0, 44, 38
1536309019.825, 0, 50, 43
1536309020.821, 0, 48, 43
1536309021.815, 0, 40, 44
1536309022.838, 0, 26, 41
1536309023.837, 0, 34, 43
1536309024.816, 0, 38, 48
1536309025.805, 0, 40, 51
1536309026.825, 0, 54, 57
1536309027.802, 0, 41, 43
1536309028.803, 0, 40, 30
1536309029.821, 0, 35, 35
1536309030.804, 0, 34, 43
1536309031.818, 0, 48, 50
1536309032.838, 0, 50, 63
1536309033.816, 0, 63, 61
1536309034.818, 0, 54, 63
1536309035.804, 0, 26, 51
1536309036.815, 0, 26, 51
1536309037.805, 0, 24, 44
1536309038.834, 0, 38, 41
1536309039.806, 0, 54, 53
1536309040.803, 0, 47, 47
1536309041.815, 0, 50, 40
1536309042.821, 0, 40, 34
1536309043.818, 0, 44, 34
1536309044.822, 0, 53, 37
1536309045.809, 0, 56, 35
1536309046.817, 0, 63, 44
1536309047.816, 0, 63, 51
1536309048.807, 0, 75, 51
1536309049.822, 0, 56, 56
1536309050.806, 0, 61, 44
1536309051.823, 0, 57, 26
1536309052.809, 0, 56, 27
1536309053.839, 0, 51, 20
1536309054.802, 0, 48, 29
1536309055.818, 0, 50, 51
1536309056.823, 0, 41, 56
1536309057.801, 0, 54, 66
1536309058.820, 0, 47, 69
1536309059.809, 0, 60, 53
1536309060.807, 0, 57, 37
1536309061.822, 0, 53, 44
1536309062.809, 0, 57, 38
1536309063.824, 0, 44, 34
1536309064.817, 0, 54, 53
1536309065.821, 0, 54, 57
1536309066.793, 0, 56, 61
1536309067.803, 0, 57, 74
1536309068.832, 0, 53, 70
1536309069.807, 0, 54, 66
1536309070.814, 0, 54, 54
1536309071.819, 0, 54, 51
1536309072.804, 0, 60, 50
1536309073.816, 0, 69, 48
1536309074.795, 0, 74, 63
1536309075.822, 0, 81, 66
1536309076.801, 0, 70, 61
1536309077.823, 0, 69, 57
1536309078.799, 0, 56, 41
1536309079.821, 0, 43, 41
1536309080.807, 0, 38, 30
1536309081.805, 0, 47, 40
1536309082.823, 0, 43, 30
1536309083.838, 0, 40, 30
1536309084.806, 0, 40, 56
1536309085.818, 0, 29, 51
1536309086.807, 0, 37, 64
1536309087.807, 0, 44, 54
1536309088.793, 0, 53, 37
1536309089.803, 0, 41, 30
1536309090.809, 0, 35, 21
1536309091.802, 0, 24, 21
1536309092.820, 0, 23, 17
1536309093.821, 0, 29, 38
1536309094.821, 0, 44, 48
1536309095.819, 0, 48, 66
1536309096.803, 0, 60, 83
1536309097.817, 0, 77, 67
1536309098.801, 0, 64, 70
1536309099.803, 0, 66, 56
1536309100.820, 0, 63, 50
1536309101.800, 0, 56, 53
1536309102.814, 0, 64, 40
1536309103.802, 0, 78, 47
1536309104.814, 0, 78, 50
1536309105.820, 0, 56, 48
1536309106.805, 0, 51, 56
1536309107.834, 0, 48, 64
1536309108.798, 0, 29, 43
1536309109.818, 0, 34, 48
1536309110.802, 0, 30, 51
1536309111.838, 0, 38, 38
1536309112.820, 0, 47, 63
1536309113.805, 0, 57, 53
1536309114.818, 0, 51, 51
1536309115.790, 0, 34, 61
1536309116.798, 0, 38, 61
1536309117.815, 0, 35, 66
1536309118.806, 0, 44, 67
1536309119.818, 0, 47, 57
1536309120.805, 0, 48, 48
1536309121.822, 0, 48, 50
1536309122.815, 0, 53, 51
1536309123.803, 0, 61, 48
1536309124.822, 0, 50, 47
1536309125.808, 0, 44, 30
1536309126.831, 0, 56, 26
1536309127.807, 0, 54, 35
1536309128.800, 0, 60, 40
1536309129.806, 0, 66, 48
1536309130.801, 0, 56, 60
1536309131.806, 0, 56, 61
1536309132.820, 0, 75, 63
1536309133.819, 0, 69, 60
1536309134.818, 0, 60, 64
1536309135.822, 0, 60, 70
1536309136.820, 0, 50, 67
1536309137.793, 0, 54, 80
1536309138.803, 0, 47, 57
1536309139.804, 0, 51, 50
1536309140.803, 0, 51, 38
1536309141.813, 0, 44, 21
1536309142.815, 0, 60, 38
1536309143.818, 0, 50, 40
1536309144.816, 0, 40, 47
1536309145.801, 0, 43, 61
1536309146.819, 0, 41, 54
1536309147.803, 0, 43, 51
1536309148.820, 0, 43, 64
1536309149.791, 0, 47, 56
1536309150.823, 0, 30, 53
1536309151.815, 0, 37, 66
1536309152.814, 0, 29, 56
1536309153.806, 0, 16, 48
1536309154.829, 0, 24, 57
1536309155.802, 0, 23, 63
1536309156.834, 0, 41, 61
1536309157.807, 0, 51, 70
1536309158.805, 0, 67, 56
1536309159.799, 0, 64, 37
1536309160.799, 0, 61, 47
1536309161.817, 0, 57, 40
1536309162.797, 0, 50, 53
1536309163.818, 0, 50, 53
1536309164.832, 0, 48, 48
1536309165.817, 0, 64, 51
1536309166.821, 0, 56, 48
1536309167.806, 0, 57, 60
1536309168.813, 0, 60, 66
1536309169.804, 0, 35, 51
1536309170.801, 0, 35, 48
1536309171.814, 0, 26, 37
1536309172.800, 0, 20, 21
1536309173.813, 0, 41, 30
1536309174.806, 0, 50, 37
1536309175.813, 0, 61, 41
1536309176.818, 0, 56, 57
1536309177.802, 0, 41, 60
1536309178.813, 0, 41, 43
1536309179.799, 0, 34, 48
1536309180.818, 0, 43, 41
1536309181.806, 0, 38, 47
1536309182.834, 0, 38, 61
1536309183.816, 0, 48, 66
1536309184.799, 0, 44, 66
1536309185.813, 0, 50, 69
1536309186.803, 0, 47, 66
1536309187.802, 0, 47, 61
1536309188.817, 0, 53, 61
1536309189.803, 0, 61, 51
1536309190.804, 0, 74, 60
1536309191.803, 0, 63, 56
1536309192.805, 0, 51, 61
1536309193.815, 0, 38, 61
1536309194.821, 0, 40, 66
1536309195.817, 0, 48, 67
1536309196.799, 0, 47, 64
1536309197.834, 0, 66, 64
1536309198.790, 0, 53, 53
1536309199.797, 0, 60, 51
1536309200.817, 0, 51, 40
1536309201.799, 0, 47, 50
1536309202.803, 0, 48, 41
1536309203.812, 0, 43, 41
1536309204.808, 0, 64, 48
1536309205.820, 0, 63, 40
1536309206.806, 0, 69, 41
1536309207.813, 0, 74, 30
1536309208.822, 0, 61, 29
1536309209.803, 0, 66, 35
1536309210.790, 0, 64, 38
1536309211.800, 0, 61, 54
1536309212.819, 0, 60, 54
1536309213.814, 0, 63, 64
1536309214.801, 0, 61, 61
1536309215.818, 0, 50, 57
1536309216.796, 0, 64, 64
1536309217.812, 0, 63, 50
1536309218.802, 0, 54, 51
1536309219.800, 0, 70, 37
1536309220.806, 0, 64, 37
1536309221.804, 0, 54, 43
1536309222.811, 0, 51, 47
1536309223.819, 0, 37, 57
1536309224.819, 0, 11, 40
1536309225.817, 0, 17, 38
1536309226.819, 0, 27, 40
1536309227.829, 0, 30, 29
1536309228.804, 0, 47, 38
1536309229.817, 0, 51, 38
1536309230.803, 0, 64, 44
1536309231.803, 0, 60, 57
1536309232.816, 0, 74, 54
1536309233.803, 0, 57, 61
1536309234.817, 0, 47, 61
1536309235.790, 0, 54, 54
1536309236.816, 0, 56, 60
1536309237.818, 0, 64, 54
1536309238.812, 0, 63, 43
1536309239.815, 0, 64, 50
1536309240.801, 0, 60, 54
1536309241.803, 0, 57, 40
1536309242.833, 0, 51, 41
1536309243.802, 0, 50, 38
1536309244.811, 0, 44, 29
1536309245.788, 0, 35, 38
1536309246.817, 0, 50, 34
1536309247.786, 0, 48, 34
1536309248.802, 0, 53, 38
1536309249.816, 0, 66, 40
1536309250.799, 0, 57, 51
1536309251.802, 0, 64, 48
1536309252.798, 0, 60, 53
1536309253.814, 0, 51, 60
1536309254.821, 0, 57, 56
1536309255.799, 0, 56, 60
1536309256.815, 0, 57, 56
1536309257.788, 0, 60, 48
1536309258.796, 0, 63, 51
1536309259.786, 0, 67, 56
1536309260.805, 0, 75, 56
1536309261.802, 0, 63, 69
1536309262.795, 0, 47, 54
1536309263.810, 0, 37, 47
1536309264.815, 0, 34, 43
1536309265.816, 0, 44, 40
1536309266.819, 0, 40, 43
1536309267.797, 0, 37, 47
1536309268.810, 0, 38, 47
1536309269.802, 0, 37, 48
1536309270.797, 0, 51, 56
1536309271.817, 0, 48, 47
1536309272.804, 0, 37, 37
1536309273.819, 0, 50, 30
1536309274.815, 0, 48, 37
1536309275.816, 0, 50, 50
1536309276.815, 0, 60, 67
1536309277.789, 0, 43, 63
1536309278.811, 0, 41, 53
1536309279.802, 0, 43, 57
1536309280.800, 0, 51, 48
1536309281.814, 0, 67, 48
1536309282.797, 0, 57, 43
1536309283.816, 0, 54, 34
1536309284.813, 0, 50, 43
1536309285.799, 0, 30, 47
1536309286.820, 0, 34, 63
1536309287.790, 0, 38, 66
1536309288.810, 0, 38, 56
1536309289.799, 0, 35, 53
1536309290.802, 0, 41, 44
1536309291.789, 0, 30, 40
1536309292.798, 0, 34, 34
1536309293.816, 0, 35, 35
1536309294.800, 0, 43, 34
1536309295.802, 0, 69, 34
1536309296.817, 0, 67, 50
1536309297.817, 0, 67, 54
1536309298.834, 0, 67, 60
1536309299.799, 0, 41, 64
1536309300.815, 0, 44, 60
1536309301.790, 0, 43, 66
1536309302.804, 0, 29, 54
1536309303.812, 0, 34, 50
1536309304.800, 0, 21, 53
1536309305.811, 0, 26, 51
1536309306.800, 0, 38, 69
1536309307.805, 0, 54, 74
1536309308.819, 0, 67, 70
1536309309.804, 0, 63, 64
1536309310.818, 0, 60, 51
1536309311.814, 0, 57, 57
1536309312.798, 0, 48, 30
1536309313.826, 0, 48, 35
1536309314.800, 0, 34, 38
1536309315.817, 0, 24, 34
1536309316.803, 0, 51, 50
1536309317.819, 0, 53, 38
1536309318.786, 0, 70, 41
1536309319.797, 0, 60, 41
1536309320.816, 0, 40, 44
1536309321.801, 0, 48, 56
1536309322.815, 0, 50, 56
1536309323.797, 0, 66, 60
1536309324.817, 0, 56, 53
1536309325.814, 0, 54, 51
1536309326.812, 0, 41, 43
1536309327.815, 0, 34, 35
1536309328.801, 0, 43, 47
1536309329.798, 0, 41, 40
1536309330.801, 0, 48, 35
1536309331.800, 0, 53, 44
1536309332.815, 0, 34, 24
1536309333.796, 0, 43, 27
1536309334.817, 0, 29, 35
1536309335.831, 0, 29, 35
1536309336.817, 0, 57, 38
1536309337.810, 0, 23, 34
1536309338.787, 0, 40, 30
1536309339.809, 0, 44, 38
1536309340.787, 0, 20, 30
1536309341.831, 0, 38, 60
1536309342.802, 0, 27, 66
1536309343.798, 0, 23, 67
1536309344.802, 0, 29, 88
1536309345.809, 0, 35, 75
1536309346.814, 0, 40, 64
1536309347.810, 0, 40, 54
1536309348.794, 0, 50, 56
1536309349.812, 0, 41, 67
1536309350.797, 0, 53, 75
1536309351.796, 0, 47, 81
1536309352.816, 0, 43, 70
1536309353.794, 0, 44, 69
1536309354.814, 0, 29, 69
1536309355.797, 0, 29, 70
1536309356.815, 0, 30, 80
1536309357.810, 0, 16, 57
1536309358.796, 0, 17, 50
1536309359.812, 0, 30, 40
1536309360.803, 0, 37, 23
1536309361.796, 0, 67, 29
1536309362.801, 0, 83, 37
1536309363.803, 0, 74, 30
1536309364.816, 0, 69, 30
1536309365.801, 0, 64, 41
1536309366.810, 0, 51, 37
1536309367.813, 0, 53, 35
1536309368.815, 0, 48, 37
1536309369.816, 0, 40, 35
1536309370.802, 0, 37, 24
1536309371.817, 0, 27, 50
1536309372.801, 0, 35, 57
1536309373.800, 0, 29, 50
1536309374.814, 0, 43, 74
1536309375.799, 0, 61, 66
1536309376.809, 0, 54, 61
1536309377.803, 0, 63, 70
1536309378.818, 0, 63, 53
1536309379.783, 0, 63, 48
1536309380.800, 0, 56, 38
1536309381.808, 0, 63, 27
1536309382.813, 0, 57, 35
1536309383.796, 0, 53, 20
1536309384.812, 0, 66, 30
1536309385.797, 0, 69, 41
1536309386.832, 0, 66, 23
1536309387.785, 0, 64, 38
1536309388.814, 0, 70, 34
1536309389.800, 0, 66, 29
1536309390.800, 0, 75, 57
1536309391.802, 0, 70, 48
1536309392.799, 0, 64, 51
1536309393.797, 0, 61, 63
1536309394.796, 0, 61, 57
1536309395.798, 0, 64, 64
1536309396.809, 0, 66, 54
1536309397.819, 0, 70, 47
1536309398.808, 0, 63, 43
1536309399.787, 0, 66, 37
1536309400.798, 0, 77, 47
1536309401.784, 0, 75, 37
1536309402.802, 0, 75, 26
1536309403.811, 0, 75, 23
1536309404.797, 0, 77, 26
1536309405.802, 0, 77, 41
1536309406.809, 0, 94, 53
1536309407.798, 0, 94, 54
1536309408.817, 0, 83, 56
1536309409.794, 0, 78, 35
1536309410.810, 0, 64, 29
1536309411.796, 0, 57, 40
1536309412.813, 0, 60, 38
1536309413.816, 0, 57, 48
1536309414.793, 0, 67, 43
1536309415.799, 0, 75, 48
1536309416.828, 0, 67, 48
1536309417.808, 0, 78, 50
1536309418.810, 0, 80, 44
1536309419.793, 0, 81, 41
1536309420.813, 0, 90, 53
1536309421.792, 0, 87, 63
1536309422.798, 0, 74, 75
1536309423.798, 0, 64, 57
1536309424.800, 0, 64, 41
1536309425.813, 0, 69, 23
1536309426.798, 0, 77, 26
1536309427.807, 0, 94, 41
1536309428.808, 0, 97, 37
1536309429.795, 0, 94, 40
1536309430.814, 0, 90, 24
1536309431.830, 0, 69, 20
1536309432.795, 0, 69, 29
1536309433.800, 0, 66, 38
1536309434.795, 0, 61, 43
1536309435.812, 0, 67, 53
1536309436.795, 0, 48, 43
1536309437.808, 0, 50, 43
1536309438.795, 0, 47, 40
1536309439.797, 0, 56, 43
1536309440.809, 0, 75, 43
1536309441.794, 0, 74, 47
1536309442.815, 0, 81, 51
1536309443.797, 0, 74, 43
1536309444.796, 0, 63, 38
1536309445.811, 0, 60, 24
1536309446.798, 0, 60, 34
1536309447.810, 0, 61, 27
1536309448.784, 0, 61, 35
1536309449.801, 0, 69, 50
1536309450.786, 0, 75, 53
1536309451.801, 0, 81, 63
1536309452.810, 0, 90, 66
1536309453.796, 0, 81, 67
1536309454.799, 0, 78, 74
1536309455.808, 0, 67, 57
1536309456.794, 0, 66, 66
1536309457.828, 0, 66, 60
1536309458.784, 0, 66, 43
1536309459.829, 0, 80, 44
1536309460.795, 0, 90, 38
1536309461.798, 0, 88, 35
1536309462.783, 0, 91, 44
1536309463.831, 0, 78, 48
1536309464.813, 0, 56, 41
1536309465.796, 0, 60, 43
1536309466.795, 0, 54, 37
1536309467.813, 0, 57, 24
1536309468.797, 0, 80, 27
1536309469.816, 0, 88, 43
1536309470.801, 0, 90, 47
1536309471.794, 0, 87, 60
1536309472.802, 0, 93, 57
1536309473.794, 0, 87, 53
1536309474.813, 0, 84, 53
1536309475.798, 0, 80, 43
1536309476.816, 0, 64, 44
1536309477.807, 0, 56, 41
1536309478.795, 0, 51, 44
1536309479.809, 0, 69, 53
1536309480.793, 0, 70, 54
1536309481.814, 0, 81, 54
1536309482.798, 0, 90, 48
1536309483.808, 0, 83, 56
1536309484.812, 0, 90, 54
1536309485.816, 0, 83, 41
1536309486.812, 0, 87, 47
1536309487.784, 0, 77, 29
1536309488.814, 0, 67, 37
1536309489.829, 0, 77, 50
1536309490.793, 0, 66, 43
1536309491.809, 0, 78, 40
1536309492.794, 0, 87, 26
1536309493.793, 0, 80, 21
1536309494.798, 0, 90, 30
1536309495.828, 0, 81, 37
1536309496.807, 0, 75, 44
1536309497.792, 0, 78, 43
1536309498.812, 0, 78, 44
1536309499.785, 0, 83, 41
1536309500.799, 0, 88, 38
1536309501.807, 0, 100, 47
1536309502.798, 0, 83, 35
1536309503.797, 0, 83, 38
1536309504.797, 0, 74, 30
1536309505.796, 0, 64, 29
1536309506.812, 0, 70, 43
1536309507.793, 0, 81, 47
1536309508.809, 0, 80, 60
1536309509.798, 0, 67, 60
1536309510.811, 0, 81, 54
1536309511.798, 0, 60, 50
1536309512.799, 0, 69, 38
1536309513.814, 0, 70, 40
1536309514.799, 0, 63, 40
1536309515.828, 0, 67, 54
1536309516.816, 0, 50, 48
1536309517.798, 0, 61, 50
1536309518.813, 0, 67, 56
1536309519.798, 0, 81, 48
1536309520.808, 0, 81, 57
1536309521.797, 0, 70, 44
1536309522.794, 0, 61, 29
1536309523.780, 0, 60, 27
1536309524.797, 0, 70, 27
1536309525.796, 0, 78, 38
1536309526.817, 0, 84, 41
1536309527.827, 0, 67, 43
1536309528.807, 0, 67, 48
1536309529.785, 0, 67, 50
1536309530.812, 0, 70, 61
1536309531.797, 0, 80, 54
1536309532.792, 0, 88, 50
1536309533.790, 0, 81, 53
1536309534.792, 0, 69, 50
1536309535.799, 0, 70, 44
1536309536.787, 0, 64, 50
1536309537.810, 0, 70, 47
1536309538.806, 0, 75, 40
1536309539.810, 0, 74, 51
1536309540.806, 0, 74, 54
1536309541.813, 0, 66, 53
1536309542.792, 0, 63, 43
1536309543.783, 0, 61, 47
1536309544.797, 0, 48, 40
1536309545.827, 0, 50, 34
1536309546.793, 0, 48, 41
1536309547.798, 0, 53, 43
1536309548.811, 0, 67, 44
1536309549.798, 0, 83, 50
1536309550.808, 0, 97, 51
1536309551.794, 0, 97, 47
1536309552.807, 0, 97, 47
1536309553.783, 0, 88, 37
1536309554.798, 0, 81, 40
1536309555.813, 0, 83, 53
1536309556.808, 0, 78, 54
1536309557.807, 0, 67, 69
1536309558.781, 0, 56, 56
1536309559.827, 0, 51, 44
1536309560.822, 0, 54, 47
1536309561.799, 0, 60, 35
1536309562.815, 0, 70, 26
1536309563.797, 0, 67, 34
1536309564.793, 0, 61, 27
1536309565.794, 0, 60, 23
1536309566.798, 0, 44, 35
1536309567.801, 0, 44, 27
1536309568.796, 0, 57, 40
1536309569.815, 0, 51, 41
1536309570.797, 0, 56, 54
1536309571.811, 0, 66, 43
1536309572.810, 0, 64, 40
1536309573.792, 0, 74, 53
1536309574.792, 0, 93, 53
1536309575.790, 0, 83, 64
1536309576.792, 0, 69, 57
1536309577.807, 0, 74, 54
1536309578.796, 0, 56, 47
1536309579.806, 0, 66, 40
1536309580.799, 0, 70, 40
1536309581.811, 0, 77, 41
1536309582.789, 0, 88, 50
1536309583.791, 0, 67, 35
1536309584.811, 0, 74, 34
1536309585.796, 0, 67, 35
1536309586.811, 0, 69, 27
1536309587.805, 0, 91, 53
1536309588.791, 0, 87, 54
1536309589.806, 0, 84, 63
1536309590.783, 0, 80, 57
1536309591.811, 0, 84, 50
1536309592.779, 0, 69, 53
1536309593.794, 0, 69, 41
1536309594.798, 0, 64, 48
1536309595.795, 0, 57, 53
1536309596.795, 0, 70, 48
1536309597.813, 0, 70, 54
1536309598.794, 0, 81, 60
1536309599.807, 0, 84, 53
1536309600.792, 0, 84, 63
1536309601.808, 0, 84, 51
1536309602.782, 0, 69, 44
1536309603.797, 0, 61, 43
1536309604.783, 0, 75, 40
1536309605.789, 0, 75, 50
1536309606.794, 0, 81, 57
1536309607.792, 0, 91, 64
1536309608.796, 0, 91, 66
1536309609.813, 0, 91, 63
1536309610.797, 0, 94, 54
1536309611.813, 0, 83, 54
1536309612.797, 0, 69, 66
1536309613.793, 0, 63, 60
1536309614.811, 0, 54, 61
1536309615.797, 0, 57, 67
1536309616.810, 0, 63, 64
1536309617.798, 0, 63, 66
1536309618.811, 0, 61, 57
1536309619.796, 0, 63, 50
1536309620.796, 0, 60, 38
1536309621.812, 0, 66, 37
1536309622.796, 0, 75, 51
1536309623.821, 0, 74, 66
1536309624.797, 0, 70, 81
1536309625.792, 0, 69, 88
1536309626.811, 0, 80, 69
1536309627.807, 0, 80, 60
1536309628.810, 0, 74, 34
1536309629.779, 0, 67, 27
1536309630.808, 0, 66, 34
1536309631.776, 0, 70, 35
1536309632.790, 0, 93, 53
1536309633.823, 0, 100, 41
1536309634.791, 0, 81, 57
1536309635.794, 0, 75, 50
1536309636.795, 0, 56, 51
1536309637.793, 0, 50, 57
1536309638.798, 0, 53, 44
1536309639.794, 0, 53, 54
1536309640.809, 0, 61, 53
1536309641.783, 0, 75, 63
1536309642.806, 0, 81, 78
1536309643.779, 0, 61, 63
1536309644.792, 0, 60, 70
1536309645.810, 0, 53, 78
1536309646.782, 0, 51, 66
1536309647.789, 0, 70, 70
1536309648.808, 0, 75, 75
1536309649.792, 0, 80, 70
1536309650.808, 0, 81, 74
1536309651.781, 0, 84, 70
1536309652.796, 0, 78, 56
1536309653.794, 0, 80, 48
1536309654.798, 0, 78, 48
1536309655.822, 0, 78, 43
1536309656.793, 0, 80, 48
1536309657.805, 0, 66, 53
1536309658.814, 0, 69, 56
1536309659.805, 0, 69, 70
1536309660.805, 0, 63, 64
1536309661.799, 0, 64, 60
1536309662.810, 0, 60, 53
1536309663.793, 0, 47, 40
1536309664.796, 0, 40, 27
1536309665.783, 0, 54, 30
1536309666.797, 0, 51, 27
1536309667.795, 0, 66, 40
1536309668.805, 0, 83, 54
1536309669.794, 0, 61, 63
1536309670.813, 0, 64, 74
1536309671.792, 0, 67, 74
1536309672.811, 0, 61, 63
1536309673.795, 0, 74, 64
1536309674.792, 0, 77, 69
1536309675.798, 0, 69, 60
1536309676.796, 0, 51, 60
1536309677.809, 0, 51, 41
1536309678.789, 0, 44, 35
1536309679.794, 0, 53, 44
1536309680.807, 0, 69, 63
1536309681.792, 0, 67, 81
1536309682.805, 0, 69, 90
1536309683.790, 0, 54, 64
1536309684.793, 0, 61, 51
1536309685.798, 0, 60, 41
1536309686.794, 0, 66, 35
1536309687.826, 0, 77, 47
1536309688.788, 0, 81, 53
1536309689.810, 0, 75, 53
1536309690.779, 0, 64, 48
1536309691.812, 0, 56, 47
1536309692.809, 0, 44, 44
1536309693.788, 0, 60, 43
1536309694.805, 0, 64, 54
1536309695.788, 0, 77, 63
1536309696.796, 0, 74, 75
1536309697.805, 0, 66, 83
1536309698.793, 0, 67, 84
1536309699.804, 0, 61, 80
1536309700.811, 0, 75, 78
1536309701.793, 0, 77, 63
1536309702.782, 0, 80, 57
1536309703.797, 0, 81, 64
1536309704.819, 0, 75, 66
1536309705.795, 0, 61, 63
1536309706.797, 0, 54, 53
1536309707.783, 0, 54, 47
1536309708.797, 0, 64, 40
1536309709.812, 0, 77, 56
1536309710.790, 0, 80, 61
1536309711.803, 0, 69, 61
1536309712.776, 0, 60, 63
1536309713.796, 0, 54, 63
1536309714.779, 0, 54, 74
1536309715.805, 0, 69, 70
1536309716.791, 0, 74, 64
1536309717.798, 0, 67, 50
1536309718.790, 0, 63, 40
1536309719.823, 0, 51, 41
1536309720.788, 0, 47, 54
1536309721.809, 0, 47, 60
1536309722.794, 0, 51, 66
1536309723.811, 0, 57, 51
1536309724.778, 0, 56, 43
1536309725.792, 0, 64, 44
1536309726.812, 0, 74, 44
1536309727.790, 0, 57, 48
1536309728.811, 0, 54, 57
1536309729.807, 0, 50, 63
1536309730.812, 0, 44, 48
1536309731.808, 0, 56, 63
1536309732.788, 0, 66, 56
1536309733.810, 0, 78, 44
1536309734.798, 0, 78, 69
1536309735.793, 0, 87, 74
1536309736.796, 0, 88, 66
1536309737.791, 0, 84, 69
1536309738.809, 0, 91, 61
1536309739.783, 0, 91, 51
1536309740.790, 0, 88, 54
1536309741.807, 0, 75, 51
1536309742.790, 0, 51, 51
1536309743.803, 0, 26, 56
1536309744.791, 0, 34, 57
1536309745.805, 0, 34, 64
1536309746.781, 0, 44, 61
1536309747.793, 0, 54, 60
1536309748.808, 0, 27, 50
1536309749.794, 0, 24, 43
1536309750.796, 0, 27, 43
1536309751.793, 0, 41, 34
1536309752.808, 0, 66, 41
1536309753.805, 0, 75, 48
1536309754.791, 0, 75, 43
1536309755.809, 0, 60, 53
1536309756.791, 0, 54, 47
1536309757.795, 0, 53, 53
1536309758.810, 0, 47, 51
1536309759.797, 0, 54, 53
1536309760.824, 0, 63, 63
1536309761.777, 0, 66, 48
1536309762.809, 0, 87, 53
1536309763.779, 0, 90, 53
1536309764.788, 0, 78, 47
1536309765.813, 0, 83, 53
1536309766.795, 0, 70, 51
1536309767.792, 0, 67, 53
1536309768.811, 0, 74, 56
1536309769.794, 0, 77, 50
1536309770.811, 0, 81, 51
1536309771.796, 0, 78, 57
1536309772.812, 0, 90, 60
1536309773.781, 0, 88, 67
1536309774.791, 0, 93, 70
1536309775.778, 0, 100, 54
1536309776.795, 0, 88, 40
1536309777.809, 0, 93, 35
1536309778.796, 0, 75, 34
1536309779.790, 0, 70, 30
1536309780.808, 0, 60, 38
1536309781.795, 0, 47, 48
1536309782.811, 0, 54, 44
1536309783.795, 0, 51, 53
1536309784.791, 0, 67, 54
1536309785.776, 0, 81, 50
1536309786.794, 0, 83, 61
1536309787.809, 0, 80, 60
1536309788.810, 0, 78, 56
1536309789.792, 0, 74, 56
1536309790.825, 0, 74, 43
1536309791.793, 0, 77, 41
1536309792.818, 0, 74, 43
1536309793.781, 0, 69, 51
1536309794.797, 0, 69, 63
1536309795.782, 0, 67, 67
1536309796.790, 0, 69, 74
1536309797.794, 0, 64, 63
1536309798.790, 0, 67, 44
1536309799.794, 0, 63, 37
1536309800.813, 0, 64, 27
1536309801.810, 0, 77, 16
1536309802.806, 0, 70, 27
1536309803.788, 0, 80, 34
1536309804.809, 0, 90, 26
1536309805.795, 0, 84, 40
1536309806.797, 0, 81, 47
1536309807.782, 0, 78, 47
1536309808.788, 0, 63, 61
1536309809.792, 0, 57, 57
1536309810.792, 0, 69, 60
1536309811.809, 0, 75, 56
1536309812.808, 0, 83, 64
1536309813.796, 0, 78, 74
1536309814.805, 0, 83, 66
1536309815.796, 0, 83, 64
1536309816.806, 0, 90, 51
1536309817.791, 0, 96, 40
1536309818.808, 0, 77, 50
1536309819.812, 0, 81, 51
1536309820.794, 0, 80, 60
1536309821.812, 0, 77, 63
1536309822.778, 0, 69, 50
1536309823.790, 0, 66, 48
1536309824.811, 0, 60, 40
1536309825.795, 0, 56, 47
1536309826.793, 0, 69, 43
1536309827.788, 0, 67, 34
1536309828.791, 0, 63, 37
1536309829.804, 0, 66, 35
1536309830.791, 0, 63, 40
1536309831.813, 0, 64, 60
1536309832.795, 0, 63, 61
1536309833.812, 0, 60, 66
1536309834.795, 0, 47, 75
1536309835.794, 0, 41, 69
1536309836.809, 0, 44, 75
1536309837.794, 0, 43, 60
1536309838.790, 0, 60, 41
1536309839.807, 0, 64, 34
1536309840.790, 0, 66, 21
1536309841.810, 0, 80, 35
1536309842.789, 0, 88, 50
1536309843.794, 0, 88, 61
1536309844.794, 0, 83, 75
1536309845.795, 0, 87, 69
1536309846.775, 0, 84, 70
1536309847.794, 0, 81, 70
1536309848.809, 0, 83, 64
1536309849.790, 0, 77, 66
1536309850.796, 0, 69, 63
1536309851.807, 0, 66, 54
1536309852.791, 0, 77, 50
1536309853.796, 0, 74, 41
1536309854.779, 0, 69, 41
1536309855.796, 0, 81, 44
1536309856.779, 0, 81, 47
1536309857.797, 0, 78, 48
1536309858.808, 0, 84, 53
1536309859.810, 0, 80, 35
1536309860.791, 0, 56, 37
1536309861.807, 0, 48, 44
1536309862.792, 0, 47, 38
1536309863.820, 0, 50, 51
1536309864.779, 0, 53, 53
1536309865.804, 0, 64, 44
1536309866.780, 0, 63, 53
1536309867.796, 0, 64, 48
1536309868.810, 0, 69, 48
1536309869.794, 0, 63, 56
1536309870.791, 0, 64, 51
1536309871.776, 0, 50, 53
1536309872.791, 0, 57, 48
1536309873.810, 0, 66, 48
1536309874.806, 0, 56, 47
1536309875.811, 0, 67, 48
1536309876.794, 0, 56, 50
1536309877.793, 0, 56, 37
1536309878.777, 0, 56, 41
1536309879.793, 0, 54, 40
1536309880.802, 0, 61, 37
1536309881.794, 0, 56, 35
1536309882.809, 0, 53, 27
1536309883.775, 0, 37, 27
1536309884.792, 0, 40, 30
1536309885.803, 0, 47, 34
1536309886.794, 0, 61, 38
1536309887.791, 0, 90, 29
1536309888.791, 0, 90, 41
1536309889.805, 0, 78, 44
1536309890.802, 0, 75, 53
1536309891.793, 0, 61, 57
1536309892.795, 0, 69, 48
1536309893.793, 0, 69, 51
1536309894.791, 0, 69, 51
1536309895.775, 0, 77, 54
1536309896.793, 0, 61, 64
1536309897.792, 0, 77, 63
1536309898.793, 0, 77, 66
1536309899.786, 0, 54, 69
1536309900.805, 0, 50, 64
1536309901.787, 0, 48, 57
1536309902.793, 0, 43, 40
1536309903.792, 0, 57, 41
1536309904.806, 0, 63, 44
1536309905.779, 0, 50, 47
1536309906.789, 0, 50, 60
1536309907.780, 0, 56, 56
1536309908.790, 0, 57, 53
1536309909.787, 0, 74, 61
1536309910.803, 0, 83, 47
1536309911.789, 0, 75, 48
1536309912.802, 0, 74, 56
1536309913.794, 0, 61, 57
1536309914.796, 0, 51, 56
1536309915.793, 0, 53, 51
1536309916.796, 0, 57, 34
1536309917.778, 0, 63, 27
1536309918.795, 0, 70, 38
1536309919.808, 0, 80, 44
1536309920.796, 0, 70, 48
1536309921.789, 0, 69, 54
1536309922.810, 0, 66, 66
1536309923.792, 0, 64, 56
1536309924.811, 0, 60, 66
1536309925.793, 0, 57, 63
1536309926.794, 0, 50, 54
1536309927.781, 0, 50, 63
1536309928.790, 0, 57, 61
1536309929.808, 0, 78, 60
1536309930.794, 0, 78, 54
1536309931.789, 0, 69, 51
1536309932.806, 0, 77, 61
1536309933.789, 0, 61, 66
1536309934.806, 0, 60, 78
1536309935.796, 0, 60, 69
1536309936.823, 0, 64, 66
1536309937.793, 0, 60, 61
1536309938.792, 0, 67, 64
1536309939.807, 0, 70, 77
1536309940.790, 0, 60, 75
1536309941.796, 0, 66, 70
1536309942.779, 0, 51, 53
1536309943.819, 0, 53, 66
1536309944.803, 0, 54, 75
1536309945.811, 0, 38, 66
1536309946.796, 0, 50, 83
1536309947.795, 0, 54, 61
1536309948.795, 0, 60, 51
1536309949.779, 0, 78, 67
1536309950.789, 0, 70, 54
1536309951.796, 0, 64, 64
1536309952.794, 0, 57, 56
1536309953.792, 0, 50, 51
1536309954.792, 0, 48, 56
1536309955.789, 0, 43, 53
1536309956.808, 0, 48, 53
1536309957.780, 0, 44, 63
1536309958.795, 0, 60, 57
1536309959.792, 0, 66, 60
1536309960.793, 0, 53, 75
1536309961.803, 0, 61, 53
1536309962.806, 0, 67, 53
1536309963.805, 0, 60, 50
1536309964.777, 0, 77, 40
1536309965.791, 0, 70, 38
1536309966.777, 0, 67, 29
1536309967.796, 0, 80, 34
1536309968.790, 0, 81, 26
1536309969.795, 0, 81, 41
1536309970.789, 0, 67, 53
1536309971.810, 0, 66, 43
1536309972.795, 0, 60, 34
1536309973.810, 0, 57, 29
1536309974.775, 0, 75, 27
1536309975.820, 0, 81, 29
1536309976.794, 0, 63, 41
1536309977.792, 0, 69, 53
1536309978.776, 0, 63, 54
1536309979.795, 0, 63, 56
1536309980.791, 0, 78, 61
1536309981.804, 0, 80, 60
1536309982.790, 0, 75, 63
1536309983.809, 0, 54, 60
1536309984.782, 0, 63, 57
1536309985.803, 0, 54, 43
1536309986.797, 0, 54, 38
1536309987.790, 0, 74, 43
1536309988.792, 0, 70, 44
1536309989.787, 0, 81, 54
1536309990.808, 0, 84, 63
1536309991.790, 0, 81, 61
1536309992.810, 0, 81, 67
1536309993.806, 0, 61, 57
1536309994.792, 0, 63, 56
1536309995.796, 0, 48, 54
1536309996.779, 0, 50, 51
1536309997.789, 0, 69, 61
1536309998.791, 0, 70, 54
1536309999.791, 0, 77, 64
1536310000.792, 0, 61, 69
1536310001.792, 0, 56, 61
1536310002.794, 0, 53, 70
1536310003.779, 0, 53, 53
1536310004.795, 0, 56, 34
1536310005.807, 0, 43, 17
1536310006.789, 0, 40, 14
1536310007.824, 0, 53, 16
1536310008.780, 0, 47, 37
1536310009.796, 0, 54, 51
1536310010.811, 0, 66, 54
1536310011.795, 0, 64, 66
1536310012.806, 0, 60, 50
1536310013.778, 0, 60, 38
1536310014.797, 0, 57, 40
1536310015.779, 0, 50, 37
1536310016.795, 0, 64, 48
1536310017.802, 0, 69, 63
1536310018.795, 0, 61, 53
1536310019.790, 0, 54, 66
1536310020.780, 0, 50, 66
1536310021.795, 0, 44, 63
1536310022.809, 0, 50, 67
1536310023.787, 0, 54, 50
1536310024.807, 0, 67, 48
1536310025.775, 0, 53, 43
1536310026.792, 0, 50, 53
1536310027.772, 0, 53, 54
1536310028.796, 0, 43, 60
1536310029.795, 0, 70, 61
1536310030.794, 0, 77, 43
1536310031.788, 0, 66, 51
1536310032.807, 0, 60, 44
1536310033.804, 0, 29, 35
1536310034.806, 0, 40, 43
1536310035.793, 0, 47, 48
1536310036.810, 0, 63, 51
1536310037.775, 0, 83, 70
1536310038.780, 0, 70, 64
1536310039.791, 0, 70, 54
1536310040.778, 0, 64, 54
1536310041.788, 0, 54, 51
1536310042.802, 0, 63, 53
1536310043.788, 0, 69, 61
1536310044.795, 0, 60, 56
1536310045.780, 0, 66, 50
1536310046.793, 0, 57, 47
1536310047.778, 0, 43, 41
1536310048.804, 0, 41, 30
1536310049.775, 0, 34, 38
1536310050.793, 0, 37, 51
1536310051.790, 0, 41, 47
1536310052.821, 0, 53, 69
1536310053.786, 0, 66, 75
1536310054.806, 0, 67, 67
1536310055.777, 0, 70, 66
1536310056.805, 0, 78, 57
1536310057.777, 0, 78, 51
1536310058.794, 0, 67, 48
1536310059.794, 0, 78, 53
1536310060.786, 0, 74, 56
1536310061.805, 0, 60, 51
1536310062.792, 0, 57, 53
1536310063.802, 0, 56, 53
1536310064.808, 0, 64, 53
1536310065.791, 0, 87, 56
1536310066.810, 0, 84, 51
1536310067.796, 0, 90, 60
1536310068.794, 0, 77, 53
1536310069.774, 0, 69, 61
1536310070.786, 0, 75, 74
1536310071.837, 0, 64, 69
1536310072.793, 0, 74, 61
1536310073.792, 0, 74, 57
1536310074.789, 0, 67, 48
1536310075.790, 0, 78, 40
1536310076.811, 0, 70, 41
1536310077.786, 0, 66, 50
1536310078.809, 0, 75, 56
1536310079.793, 0, 60, 56
1536310080.789, 0, 63, 66
1536310081.810, 0, 60, 50
1536310082.788, 0, 57, 43
1536310083.791, 0, 64, 51
1536310084.774, 0, 63, 50
1536310085.805, 0, 70, 54
1536310086.772, 0, 48, 54
1536310087.786, 0, 43, 60
1536310088.804, 0, 54, 53
1536310089.792, 0, 43, 56
1536310090.791, 0, 67, 64
1536310091.805, 0, 69, 50
1536310092.791, 0, 60, 54
1536310093.803, 0, 64, 51
1536310094.793, 0, 70, 47
1536310095.808, 0, 66, 41
1536310096.779, 0, 63, 30
1536310097.789, 0, 64, 24
1536310098.773, 0, 51, 27
1536310099.788, 0, 50, 47
1536310100.797, 0, 56, 66
1536310101.779, 0, 50, 63
1536310102.785, 0, 44, 57
1536310103.826, 0, 54, 51
1536310104.790, 0, 54, 44
1536310105.801, 0, 66, 57
1536310106.778, 0, 61, 64
1536310107.791, 0, 57, 60
1536310108.778, 0, 63, 57
1536310109.794, 0, 53, 50
1536310110.787, 0, 60, 41
1536310111.790, 0, 60, 56
1536310112.795, 0, 51, 67
1536310113.802, 0, 54, 70
1536310114.785, 0, 50, 69
1536310115.794, 0, 47, 61
1536310116.794, 0, 43, 53
1536310117.795, 0, 53, 53
1536310118.774, 0, 53, 74
1536310119.793, 0, 51, 75
1536310120.792, 0, 54, 67
1536310121.805, 0, 50, 75
1536310122.791, 0, 57, 70
1536310123.793, 0, 67, 64
1536310124.791, 0, 66, 75
1536310125.819, 0, 48, 60
1536310126.791, 0, 41, 47
1536310127.807, 0, 21, 43
1536310128.794, 0, 20, 38
1536310129.793, 0, 34, 56
1536310130.794, 0, 40, 66
1536310131.789, 0, 51, 63
1536310132.788, 0, 54, 54
1536310133.794, 0, 60, 51
1536310134.807, 0, 61, 48
1536310135.774, 0, 63, 50
1536310136.811, 0, 61, 44
1536310137.807, 0, 56, 38
1536310138.793, 0, 64, 35
1536310139.789, 0, 69, 44
1536310140.795, 0, 75, 56
1536310141.792, 0, 77, 57
1536310142.792, 0, 66, 51
1536310143.796, 0, 74, 41
1536310144.806, 0, 69, 50
1536310145.787, 0, 69, 44
1536310146.807, 0, 60, 48
1536310147.792, 0, 43, 48
1536310148.788, 0, 38, 43
1536310149.803, 0, 40, 44
1536310150.791, 0, 57, 44
1536310151.805, 0, 64, 38
1536310152.791, 0, 64, 35
1536310153.788, 0, 48, 41
1536310154.793, 0, 43, 44
1536310155.778, 0, 48, 63
1536310156.807, 0, 38, 44
1536310157.779, 0, 43, 38
1536310158.789, 0, 41, 34
1536310159.777, 0, 35, 34
1536310160.791, 0, 51, 41
1536310161.793, 0, 66, 54
1536310162.790, 0, 69, 61
1536310163.794, 0, 66, 50
1536310164.809, 0, 57, 60
1536310165.788, 0, 51, 50
1536310166.806, 0, 54, 47
1536310167.773, 0, 57, 51
1536310168.794, 0, 64, 44
1536310169.776, 0, 60, 43
1536310170.796, 0, 66, 48
1536310171.793, 0, 56, 43
1536310172.792, 0, 63, 44
1536310173.789, 0, 64, 44
1536310174.802, 0, 56, 47
1536310175.793, 0, 63, 48
1536310176.809, 0, 53, 56
1536310177.807, 0, 60, 64
1536310178.809, 0, 63, 63
1536310179.777, 0, 64, 67
1536310180.780, 0, 67, 69
1536310181.807, 0, 64, 67
1536310182.794, 0, 60, 66
1536310183.791, 0, 60, 50
1536310184.805, 0, 57, 35
1536310185.788, 0, 63, 40
1536310186.794, 0, 60, 35
1536310187.780, 0, 67, 43
1536310188.793, 0, 60, 47
1536310189.774, 0, 48, 16
1536310190.787, 0, 51, 21
1536310191.792, 0, 56, 29
1536310192.807, 0, 60, 35
1536310193.789, 0, 67, 57
1536310194.778, 0, 60, 56
1536310195.791, 0, 48, 50
1536310196.816, 0, 60, 63
1536310197.779, 0, 57, 64
1536310198.801, 0, 60, 66
1536310199.791, 0, 57, 63
1536310200.793, 0, 60, 51
1536310201.791, 0, 60, 56
1536310202.789, 0, 61, 48
1536310203.791, 0, 69, 53
1536310204.787, 0, 61, 64
1536310205.806, 0, 51, 63
1536310206.769, 0, 44, 75
1536310207.800, 0, 37, 80
1536310208.802, 0, 27, 66
1536310209.790, 0, 34, 66
1536310210.792, 0, 43, 67
1536310211.776, 0, 53, 64
1536310212.784, 0, 69, 74
1536310213.810, 0, 81, 78
1536310214.790, 0, 87, 69
1536310215.787, 0, 70, 67
1536310216.788, 0, 66, 77
1536310217.789, 0, 67, 66
1536310218.790, 0, 54, 78
1536310219.792, 0, 53, 75
1536310220.801, 0, 61, 64
1536310221.776, 0, 53, 57
1536310222.804, 0, 54, 61
1536310223.805, 0, 61, 61
1536310224.791, 0, 61, 70
1536310225.806, 0, 64, 81
1536310226.779, 0, 66, 63
1536310227.788, 0, 75, 77
1536310228.771, 0, 66, 77
1536310229.787, 0, 77, 69
1536310230.774, 0, 84, 78
1536310231.792, 0, 75, 67
1536310232.790, 0, 75, 61
1536310233.792, 0, 61, 66
1536310234.787, 0, 48, 64
1536310235.792, 0, 48, 63
1536310236.787, 0, 54, 64
1536310237.805, 0, 53, 57
1536310238.772, 0, 56, 63
1536310239.780, 0, 67, 67
1536310240.787, 0, 63, 70
1536310241.785, 0, 54, 80
1536310242.791, 0, 74, 78
1536310243.778, 0, 70, 80
1536310244.787, 0, 75, 75
1536310245.800, 0, 87, 77
1536310246.785, 0, 60, 70
1536310247.806, 0, 75, 74
1536310248.787, 0, 61, 77
1536310249.793, 0, 56, 75
1536310250.775, 0, 64, 88
1536310251.791, 0, 51, 90
1536310252.806, 0, 63, 91
1536310253.791, 0, 64, 90
1536310254.794, 0, 66, 77
1536310255.779, 0, 66, 70
1536310256.793, 0, 75, 74
1536310257.803, 0, 78, 69
1536310258.776, 0, 75, 81
1536310259.793, 0, 81, 70
1536310260.777, 0, 63, 57
1536310261.793, 0, 63, 63
1536310262.775, 0, 64, 57
1536310263.791, 0, 48, 56
1536310264.805, 0, 64, 69
1536310265.810, 0, 77, 74
1536310266.794, 0, 70, 66
1536310267.778, 0, 69, 78
1536310268.774, 0, 64, 75
1536310269.822, 0, 40, 60
1536310270.790, 0, 41, 70
1536310271.787, 0, 60, 75
1536310272.792, 0, 57, 78
1536310273.789, 0, 67, 88
1536310274.788, 0, 66, 81
1536310275.795, 0, 47, 74
1536310276.788, 0, 51, 63
1536310277.775, 0, 60, 63
1536310278.805, 0, 63, 64
1536310279.774, 0, 70, 64
1536310280.789, 0, 56, 74
1536310281.787, 0, 51, 67
1536310282.794, 0, 63, 61
1536310283.789, 0, 56, 54
1536310284.805, 0, 60, 54
1536310285.784, 0, 64, 54
1536310286.808, 0, 43, 64
1536310287.771, 0, 50, 66
1536310288.804, 0, 60, 67
1536310289.793, 0, 53, 70
1536310290.787, 0, 61, 64
1536310291.792, 0, 74, 70
1536310292.777, 0, 69, 67
1536310293.806, 0, 64, 61
1536310294.801, 0, 74, 60
1536310295.839, 0, 47, 56
1536310296.805, 0, 51, 47
1536310297.777, 0, 61, 53
1536310298.792, 0, 48, 47
1536310299.779, 0, 64, 50
1536310300.788, 0, 51, 50
1536310301.770, 0, 38, 50
1536310302.786, 0, 23, 48
1536310303.786, 0, 27, 51
1536310304.785, 0, 37, 64
1536310305.787, 0, 50, 57
1536310306.801, 0, 77, 75
1536310307.787, 0, 81, 77
1536310308.803, 0, 80, 77
1536310309.776, 0, 67, 77
1536310310.795, 0, 51, 60
1536310311.770, 0, 41, 54
1536310312.792, 0, 37, 48
1536310313.793, 0, 43, 48
1536310314.788, 0, 51, 61
1536310315.790, 0, 47, 63
1536310316.809, 0, 47, 57
1536310317.792, 0, 54, 57
1536310318.810, 0, 56, 50
1536310319.794, 0, 70, 51
1536310320.800, 0, 70, 44
1536310321.806, 0, 56, 50
1536310322.791, 0, 60, 67
1536310323.809, 0, 48, 57
1536310324.793, 0, 56, 69
1536310325.809, 0, 66, 74
1536310326.771, 0, 57, 67
1536310327.789, 0, 64, 75
1536310328.810, 0, 57, 74
1536310329.793, 0, 54, 74
1536310330.808, 0, 51, 66
1536310331.793, 0, 50, 54
1536310332.787, 0, 54, 50
1536310333.774, 0, 48, 38
1536310334.792, 0, 57, 40
1536310335.790, 0, 51, 48
1536310336.792, 0, 47, 54
1536310337.786, 0, 43, 57
1536310338.777, 0, 30, 61
1536310339.776, 0, 38, 66
1536310340.816, 0, 44, 67
1536310341.778, 0, 50, 64
1536310342.789, 0, 64, 56
1536310343.774, 0, 61, 43
1536310344.789, 0, 51, 48
1536310345.807, 0, 66, 50
1536310346.788, 0, 67, 47
1536310347.807, 0, 75, 61
1536310348.776, 0, 75, 56
1536310349.788, 0, 69, 63
1536310350.771, 0, 53, 67
1536310351.811, 0, 38, 74
1536310352.791, 0, 54, 69
1536310353.776, 0, 57, 75
1536310354.789, 0, 57, 67
1536310355.820, 0, 54, 63
1536310356.791, 0, 47, 63
1536310357.805, 0, 51, 64
1536310358.790, 0, 51, 66
1536310359.791, 0, 67, 63
1536310360.775, 0, 77, 54
1536310361.776, 0, 74, 43
1536310362.787, 0, 80, 51
1536310363.786, 0, 75, 43
1536310364.790, 0, 64, 53
1536310365.806, 0, 54, 53
1536310366.803, 0, 44, 48
1536310367.806, 0, 43, 47
1536310368.784, 0, 38, 38
1536310369.790, 0, 38, 53
1536310370.770, 0, 47, 63
1536310371.793, 0, 61, 78
1536310372.778, 0, 66, 80
1536310373.791, 0, 81, 57
1536310374.789, 0, 81, 66
1536310375.792, 0, 61, 57
1536310376.790, 0, 60, 61
1536310377.805, 0, 41, 75
1536310378.788, 0, 38, 57
1536310379.804, 0, 30, 48
1536310380.770, 0, 37, 53
1536310381.806, 0, 41, 50
1536310382.770, 0, 41, 51
1536310383.786, 0, 64, 64
1536310384.789, 0, 75, 56
1536310385.790, 0, 75, 56
1536310386.788, 0, 83, 64
1536310387.773, 0, 75, 66
1536310388.786, 0, 56, 63
1536310389.807, 0, 64, 66
1536310390.789, 0, 54, 53
1536310391.790, 0, 56, 53
1536310392.790, 0, 41, 64
1536310393.787, 0, 43, 66
1536310394.800, 0, 35, 67
1536310395.789, 0, 35, 77
1536310396.803, 0, 38, 69
1536310397.775, 0, 17, 63
1536310398.788, 0, 30, 67
1536310399.772, 0, 38, 51
1536310400.790, 0, 61, 57
1536310401.791, 0, 84, 61
1536310402.777, 0, 84, 67
1536310403.783, 0, 64, 70
1536310404.774, 0, 60, 66
1536310405.786, 0, 47, 66
1536310406.786, 0, 53, 66
1536310407.786, 0, 60, 75
1536310408.790, 0, 57, 74
1536310409.774, 0, 67, 77
1536310410.791, 0, 67, 69
1536310411.777, 0, 69, 60
1536310412.775, 0, 66, 64
1536310413.787, 0, 63, 60
1536310414.776, 0, 57, 63
1536310415.786, 0, 53, 74
1536310416.804, 0, 63, 75
1536310417.786, 0, 67, 75
1536310418.793, 0, 67, 75
1536310419.770, 0, 60, 51
1536310420.804, 0, 43, 60
1536310421.770, 0, 43, 54
1536310422.789, 0, 29, 50
1536310423.786, 0, 37, 57
1536310424.775, 0, 53, 50
1536310425.790, 0, 35, 53
1536310426.821, 0, 48, 56
1536310427.791, 0, 56, 70
1536310428.804, 0, 43, 61
1536310429.790, 0, 56, 64
1536310430.786, 0, 66, 70
1536310431.771, 0, 66, 69
1536310432.785, 0, 78, 83
1536310433.772, 0, 84, 83
1536310434.789, 0, 81, 70
1536310435.786, 0, 83, 74
1536310436.793, 0, 84, 78
1536310437.804, 0, 84, 80
1536310438.808, 0, 80, 78
1536310439.774, 0, 74, 67
1536310440.805, 0, 80, 61
1536310441.790, 0, 61, 66
1536310442.789, 0, 56, 69
1536310443.774, 0, 60, 75
1536310444.776, 0, 50, 67
1536310445.787, 0, 64, 64
1536310446.791, 0, 54, 57
1536310447.786, 0, 47, 57
1536310448.800, 0, 51, 61
1536310449.786, 0, 53, 54
1536310450.809, 0, 66, 56
1536310451.776, 0, 67, 48
1536310452.808, 0, 70, 47
1536310453.774, 0, 61, 54
1536310454.789, 0, 56, 67
1536310455.790, 0, 57, 70
1536310456.776, 0, 44, 75
1536310457.792, 0, 54, 63
1536310458.775, 0, 66, 61
1536310459.793, 0, 66, 61
1536310460.803, 0, 66, 69
1536310461.776, 0, 43, 63
1536310462.799, 0, 29, 54
1536310463.790, 0, 30, 40
1536310464.786, 0, 37, 34
1536310465.788, 0, 56, 43
1536310466.794, 0, 56, 40
1536310467.803, 0, 48, 44
1536310468.768, 0, 53, 38
1536310469.805, 0, 53, 40
1536310470.775, 0, 48, 43
1536310471.792, 0, 48, 53
1536310472.805, 0, 48, 61
1536310473.792, 0, 30, 53
1536310474.786, 0, 40, 47
1536310475.773, 0, 53, 47
1536310476.790, 0, 48, 40
1536310477.806, 0, 60, 40
1536310478.787, 0, 51, 50
1536310479.789, 0, 30, 50
1536310480.794, 0, 37, 43
1536310481.779, 0, 26, 51
1536310482.772, 0, 44, 47
1536310483.791, 0, 61, 53
1536310484.790, 0, 60, 69
1536310485.791, 0, 66, 77
1536310486.786, 0, 57, 88
1536310487.792, 0, 48, 80
1536310488.791, 0, 34, 66
1536310489.806, 0, 41, 74
1536310490.769, 0, 44, 64
1536310491.805, 0, 54, 74
1536310492.768, 0, 66, 70
1536310493.786, 0, 60, 63
1536310494.786, 0, 60, 75
1536310495.800, 0, 50, 77
1536310496.789, 0, 44, 97
1536310497.800, 0, 23, 91
1536310498.787, 0, 20, 78
1536310499.821, 0, 21, 70
1536310500.778, 0, 16, 60
1536310501.793, 0, 21, 63
1536310502.776, 0, 23, 80
1536310503.787, 0, 40, 77
1536310504.770, 0, 60, 75
1536310505.789, 0, 80, 80
1536310506.795, 0, 81, 70
1536310507.774, 0, 66, 77
1536310508.783, 0, 64, 69
1536310509.801, 0, 54, 69
1536310510.806, 0, 41, 60
1536310511.790, 0, 47, 53
1536310512.769, 0, 27, 66
1536310513.791, 0, 26, 60
1536310514.776, 0, 26, 66
1536310515.791, 0, 17, 70
1536310516.786, 0, 26, 64
1536310517.784, 0, 38, 69
1536310518.790, 0, 35, 67
1536310519.774, 0, 41, 78
1536310520.790, 0, 53, 78
1536310521.807, 0, 43, 74
1536310522.772, 0, 50, 64
1536310523.786, 0, 60, 57
1536310524.775, 0, 47, 47
1536310525.804, 0, 34, 51
1536310526.788, 0, 34, 60
1536310527.778, 0, 10, 38
1536310528.786, 0, 4, 47
1536310529.773, 0, 35, 40
1536310530.785, 0, 40, 30
1536310531.770, 0, 61, 54
1536310532.771, 0, 80, 67
1536310533.806, 0, 56, 67
1536310534.790, 0, 57, 77
1536310535.783, 0, 51, 63
1536310536.790, 0, 47, 51
1536310537.785, 0, 54, 54
1536310538.788, 0, 63, 60
1536310539.770, 0, 69, 66
1536310540.806, 0, 75, 70
1536310541.771, 0, 74, 63
1536310542.787, 0, 77, 64
1536310543.771, 0, 74, 61
1536310544.774, 0, 60, 56
1536310545.786, 0, 77, 60
1536310546.773, 0, 67, 54
1536310547.786, 0, 64, 63
1536310548.791, 0, 69, 74
1536310549.788, 0, 57, 70
1536310550.784, 0, 64, 77
1536310551.786, 0, 57, 66
1536310552.785, 0, 56, 61
1536310553.770, 0, 74, 56
1536310554.788, 0, 67, 50
1536310555.800, 0, 66, 41
1536310556.774, 0, 80, 34
1536310557.788, 0, 57, 37
1536310558.788, 0, 64, 43
1536310559.785, 0, 74, 67
1536310560.790, 0, 61, 81
1536310561.776, 0, 63, 88
1536310562.803, 0, 54, 87
1536310563.767, 0, 61, 69
1536310564.777, 0, 67, 64
1536310565.786, 0, 69, 60
1536310566.789, 0, 77, 64
1536310567.788, 0, 64, 64
1536310568.805, 0, 63, 54
1536310569.792, 0, 63, 51
1536310570.799, 0, 54, 47
1536310571.769, 0, 69, 54
1536310572.822, 0, 57, 61
1536310573.772, 0, 54, 78
1536310574.789, 0, 64, 70
1536310575.775, 0, 56, 69
1536310576.789, 0, 56, 57
1536310577.784, 0, 69, 50
1536310578.790, 0, 50, 43
1536310579.785, 0, 51, 38
1536310580.798, 0, 57, 47
1536310581.791, 0, 44, 37
1536310582.803, 0, 57, 43
1536310583.774, 0, 60, 41
1536310584.776, 0, 66, 41
1536310585.772, 0, 63, 43
1536310586.785, 0, 54, 57
1536310587.788, 0, 60, 64
1536310588.792, 0, 57, 75
1536310589.786, 0, 60, 87
1536310590.770, 0, 64, 80
1536310591.787, 0, 61, 81
1536310592.805, 0, 57, 64
1536310593.788, 0, 69, 61
1536310594.790, 0, 66, 61
1536310595.769, 0, 63, 67
1536310596.787, 0, 51, 78
1536310597.789, 0, 47, 57
1536310598.807, 0, 57, 63
1536310599.792, 0, 53, 51
1536310600.777, 0, 74, 47
1536310601.787, 0, 80, 64
1536310602.773, 0, 77, 60
1536310603.774, 0, 75, 66
1536310604.791, 0, 77, 70
1536310605.776, 0, 57, 70
1536310606.788, 0, 57, 87
1536310607.785, 0, 51, 84
1536310608.782, 0, 38, 69
1536310609.804, 0, 54, 67
1536310610.777, 0, 47, 48
1536310611.792, 0, 60, 51
1536310612.775, 0, 64, 69
1536310613.792, 0, 54, 57
1536310614.775, 0, 60, 69
1536310615.775, 0, 50, 67
1536310616.788, 0, 41, 51
1536310617.773, 0, 44, 69
1536310618.790, 0, 47, 63
1536310619.804, 0, 51, 61
1536310620.791, 0, 66, 64
1536310621.784, 0, 75, 56
1536310622.788, 0, 69, 53
1536310623.792, 0, 69, 56
1536310624.790, 0, 56, 56
1536310625.793, 0, 40, 51
1536310626.805, 0, 50, 54
1536310627.792, 0, 54, 44
1536310628.800, 0, 67, 48
1536310629.803, 0, 88, 43
1536310630.788, 0, 74, 53
1536310631.804, 0, 77, 54
1536310632.771, 0, 75, 64
1536310633.788, 0, 67, 75
1536310634.771, 0, 83, 61
1536310635.783, 0, 67, 67
1536310636.785, 0, 57, 61
1536310637.783, 0, 60, 56
1536310638.788, 0, 60, 61
1536310639.771, 0, 60, 61
1536310640.782, 0, 63, 48
1536310641.800, 0, 64, 47
1536310642.769, 0, 60, 50
1536310643.819, 0, 64, 41
1536310644.773, 0, 54, 57
1536310645.783, 0, 43, 64
1536310646.774, 0, 40, 56
1536310647.774, 0, 38, 67
1536310648.785, 0, 48, 61
1536310649.789, 0, 56, 66
1536310650.786, 0, 57, 64
1536310651.772, 0, 70, 67
1536310652.786, 0, 69, 61
1536310653.805, 0, 64, 61
1536310654.787, 0, 64, 51
1536310655.785, 0, 66, 44
1536310656.802, 0, 75, 50
1536310657.785, 0, 77, 50
1536310658.803, 0, 66, 60
1536310659.790, 0, 41, 60
1536310660.788, 0, 29, 64
1536310661.774, 0, 27, 56
1536310662.791, 0, 50, 60
1536310663.769, 0, 64, 61
1536310664.773, 0, 60, 54
1536310665.792, 0, 63, 54
1536310666.774, 0, 57, 50
1536310667.790, 0, 60, 51
1536310668.788, 0, 60, 64
1536310669.789, 0, 75, 63
1536310670.785, 0, 70, 64
1536310671.773, 0, 66, 60
1536310672.791, 0, 61, 50
1536310673.772, 0, 56, 57
1536310674.772, 0, 54, 63
1536310675.767, 0, 56, 56
1536310676.774, 0, 56, 57
1536310677.782, 0, 48, 54
1536310678.804, 0, 34, 53
1536310679.792, 0, 34, 67
1536310680.788, 0, 51, 69
1536310681.767, 0, 53, 64
1536310682.787, 0, 63, 66
1536310683.773, 0, 64, 70
1536310684.800, 0, 57, 77
1536310685.773, 0, 63, 93
1536310686.788, 0, 69, 93
1536310687.787, 0, 61, 80
1536310688.792, 0, 64, 80
1536310689.782, 0, 48, 60
1536310690.789, 0, 48, 56
1536310691.777, 0, 44, 54
1536310692.785, 0, 51, 41
1536310693.789, 0, 56, 56
1536310694.776, 0, 51, 56
1536310695.793, 0, 67, 69
1536310696.774, 0, 61, 74
1536310697.787, 0, 66, 74
1536310698.773, 0, 81, 75
1536310699.807, 0, 63, 74
1536310700.791, 0, 50, 57
1536310701.785, 0, 57, 57
1536310702.791, 0, 38, 56
1536310703.766, 0, 64, 48
1536310704.788, 0, 74, 69
1536310705.772, 0, 48, 66
1536310706.782, 0, 57, 64
1536310707.791, 0, 30, 61
1536310708.775, 0, 44, 67
1536310709.788, 0, 66, 74
1536310710.785, 0, 54, 70
1536310711.789, 0, 67, 77
1536310712.799, 0, 50, 78
1536310713.771, 0, 47, 74
1536310714.800, 0, 64, 74
1536310715.774, 0, 66, 69
1536310716.790, 0, 63, 66
1536310717.770, 0, 61, 69
1536310718.790, 0, 50, 69
1536310719.786, 0, 40, 60
1536310720.786, 0, 44, 56
1536310721.789, 0, 37, 54
1536310722.772, 0, 41, 48
1536310723.773, 0, 61, 61
1536310724.796, 0, 67, 57
1536310725.788, 0, 78, 60
1536310726.784, 0, 74, 70
1536310727.771, 0, 70, 75
1536310728.789, 0, 67, 80
1536310729.797, 0, 63, 70
1536310730.784, 0, 61, 67
1536310731.785, 0, 56, 61
1536310732.770, 0, 56, 56
1536310733.788, 0, 70, 63
1536310734.769, 0, 69, 66
1536310735.772, 0, 70, 60
1536310736.785, 0, 81, 66
1536310737.768, 0, 56, 64
1536310738.784, 0, 57, 61
1536310739.787, 0, 54, 75
1536310740.789, 0, 53, 66
1536310741.783, 0, 66, 66
1536310742.767, 0, 75, 81
1536310743.786, 0, 87, 78
1536310744.767, 0, 74, 74
1536310745.775, 0, 67, 61
1536310746.771, 0, 60, 41
1536310747.771, 0, 47, 35
1536310748.781, 0, 60, 35
1536310749.801, 0, 64, 44
1536310750.788, 0, 61, 51
1536310751.789, 0, 53, 35
1536310752.792, 0, 47, 40
1536310753.787, 0, 40, 29
1536310754.767, 0, 37, 27
1536310755.787, 0, 54, 38
1536310756.766, 0, 48, 27
1536310757.774, 0, 47, 44
1536310758.789, 0, 56, 40
1536310759.770, 0, 57, 43
1536310760.784, 0, 66, 54
1536310761.786, 0, 77, 44
1536310762.787, 0, 80, 54
1536310763.790, 0, 66, 69
1536310764.766, 0, 66, 75
1536310765.789, 0, 64, 64
1536310766.772, 0, 66, 74
1536310767.788, 0, 69, 64
1536310768.784, 0, 78, 60
1536310769.782, 0, 80, 77
1536310770.787, 0, 70, 64
1536310771.775, 0, 69, 61
1536310772.802, 0, 40, 61
1536310773.805, 0, 43, 50
1536310774.769, 0, 37, 54
1536310775.785, 0, 38, 57
1536310776.769, 0, 54, 50
1536310777.788, 0, 48, 57
1536310778.783, 0, 50, 56
1536310779.789, 0, 50, 54
1536310780.786, 0, 50, 64
1536310781.772, 0, 44, 51
1536310782.786, 0, 51, 50
1536310783.786, 0, 53, 53
1536310784.790, 0, 51, 43
1536310785.805, 0, 50, 54
1536310786.767, 0, 40, 53
1536310787.784, 0, 38, 51
1536310788.767, 0, 34, 51
1536310789.775, 0, 27, 60
1536310790.784, 0, 21, 51
1536310791.782, 0, 14, 51
1536310792.785, 0, 26, 54
1536310793.767, 0, 41, 38
1536310794.776, 0, 53, 48
1536310795.768, 0, 57, 47
1536310796.789, 0, 41, 48
1536310797.784, 0, 44, 64
1536310798.788, 0, 60, 53
1536310799.784, 0, 54, 44
1536310800.799, 0, 69, 43
1536310801.786, 0, 61, 38
1536310802.803, 0, 30, 44
1536310803.766, 0, 24, 48
1536310804.783, 0, 29, 48
1536310805.768, 0, 40, 48
1536310806.775, 0, 50, 35
1536310807.788, 0, 56, 35
1536310808.788, 0, 47, 24
1536310809.782, 0, 51, 27
1536310810.786, 0, 67, 38
1536310811.786, 0, 81, 48
1536310812.786, 0, 77, 69
1536310813.766, 0, 61, 74
1536310814.787, 0, 35, 64
1536310815.772, 0, 24, 66
1536310816.788, 0, 34, 66
1536310817.776, 0, 24, 44
1536310818.772, 0, 43, 60
1536310819.786, 0, 38, 54
1536310820.806, 0, 30, 40
1536310821.787, 0, 54, 51
1536310822.806, 0, 63, 50
1536310823.768, 0, 77, 41
1536310824.788, 0, 88, 63
1536310825.771, 0, 77, 61
1536310826.787, 0, 69, 61
1536310827.773, 0, 54, 67
1536310828.787, 0, 40, 44
1536310829.785, 0, 40, 50
1536310830.772, 0, 56, 50
1536310831.786, 0, 74, 51
1536310832.819, 0, 81, 64
1536310833.790, 0, 88, 63
1536310834.805, 0, 70, 67
1536310835.769, 0, 60, 64
1536310836.786, 0, 69, 51
1536310837.770, 0, 64, 43
1536310838.789, 0, 66, 44
1536310839.786, 0, 77, 43
1536310840.771, 0, 69, 53
1536310841.788, 0, 67, 69
1536310842.772, 0, 60, 64
1536310843.796, 0, 48, 69
1536310844.802, 0, 44, 67
1536310845.787, 0, 43, 60
1536310846.786, 0, 48, 61
1536310847.771, 0, 51, 48
1536310848.788, 0, 48, 51
1536310849.788, 0, 40, 40
1536310850.776, 0, 43, 48
1536310851.786, 0, 30, 53
1536310852.768, 0, 35, 56
1536310853.784, 0, 44, 69
1536310854.782, 0, 41, 57
1536310855.773, 0, 53, 67
1536310856.788, 0, 48, 57
1536310857.767, 0, 50, 64
1536310858.799, 0, 44, 78
1536310859.772, 0, 44, 74
1536310860.786, 0, 56, 78
1536310861.788, 0, 53, 69
1536310862.789, 0, 61, 60
1536310863.787, 0, 53, 67
1536310864.774, 0, 38, 67
1536310865.773, 0, 30, 61
1536310866.767, 0, 37, 53
1536310867.772, 0, 34, 30
1536310868.786, 0, 47, 11
1536310869.785, 0, 50, 24
1536310870.791, 0, 48, 37
1536310871.783, 0, 69, 51
1536310872.790, 0, 64, 67
1536310873.798, 0, 69, 63
1536310874.769, 0, 67, 60
1536310875.785, 0, 60, 57
1536310876.769, 0, 61, 63
1536310877.788, 0, 61, 66
1536310878.788, 0, 60, 70
1536310879.771, 0, 60, 69
1536310880.798, 0, 66, 66
1536310881.785, 0, 66, 75
1536310882.789, 0, 64, 74
1536310883.801, 0, 67, 80
1536310884.786, 25, 67, 80
1536310885.784, 0, 60, 78
1536310886.772, 0, 54, 70
1536310887.771, 0, 57, 75
1536310888.768, 0, 47, 69
1536310889.787, 0, 44, 70
1536310890.785, 0, 51, 70
1536310891.767, 0, 48, 66
1536310892.783, 0, 51, 74
1536310893.801, 0, 64, 64
1536310894.772, 0, 64, 60
1536310895.783, 0, 77, 60
1536310896.769, 0, 70, 47
1536310897.772, 0, 57, 51
1536310898.766, 0, 57, 44
1536310899.787, 0, 35, 40
1536310900.788, 0, 43, 54
1536310901.768, 0, 47, 53
1536310902.784, 0, 38, 74
1536310903.768, 0, 41, 87
1536310904.785, 0, 40, 83
1536310905.800, 0, 34, 83
1536310906.767, 0, 41, 77
1536310907.774, 0, 54, 66
1536310908.766, 0, 61, 70
1536310909.783, 0, 53, 90
1536310910.786, 0, 43, 88
1536310911.786, 0, 44, 81
1536310912.788, 0, 44, 77
1536310913.776, 0, 63, 44
1536310914.788, 0, 75, 47
1536310915.774, 0, 69, 56
1536310916.773, 0, 66, 57
1536310917.786, 0, 64, 74
1536310918.767, 0, 67, 75
1536310919.771, 0, 44, 47
1536310920.783, 0, 51, 47
1536310921.788, 0, 51, 51
1536310922.785, 0, 26, 35
1536310923.767, 0, 40, 60
1536310924.790, 0, 38, 53
1536310925.790, 0, 38, 54
1536310926.771, 0, 60, 69
1536310927.785, 0, 74, 66
1536310928.771, 0, 67, 78
1536310929.784, 0, 75, 69
1536310930.769, 0, 81, 70
1536310931.789, 0, 69, 60
1536310932.784, 0, 60, 61
1536310933.786, 0, 70, 57
1536310934.784, 0, 63, 51
1536310935.767, 0, 66, 57
1536310936.775, 0, 80, 50
1536310937.769, 0, 67, 47
1536310938.770, 0, 60, 37
1536310939.774, 0, 70, 50
1536310940.771, 0, 60, 40
1536310941.783, 0, 57, 34
1536310942.788, 0, 64, 47
1536310943.775, 0, 64, 34
1536310944.796, 0, 69, 40
1536310945.767, 0, 63, 48
1536310946.804, 0, 53, 44
1536310947.768, 0, 43, 54
1536310948.772, 0, 41, 54
1536310949.789, 0, 30, 54
1536310950.773, 0, 27, 60
1536310951.783, 0, 17, 60
1536310952.802, 0, 16, 61
1536310953.775, 0, 38, 69
1536310954.801, 0, 43, 57
1536310955.785, 0, 54, 56
1536310956.801, 0, 69, 50
1536310957.790, 0, 56, 43
1536310958.771, 0, 64, 60
1536310959.768, 0, 57, 56
1536310960.773, 0, 57, 57
1536310961.780, 0, 60, 57
1536310962.766, 0, 53, 53
1536310963.785, 0, 67, 57
1536310964.786, 0, 56, 60
1536310965.769, 0, 60, 60
1536310966.789, 0, 56, 54
1536310967.774, 0, 48, 56
1536310968.786, 0, 40, 47
1536310969.765, 0, 38, 56
1536310970.789, 0, 37, 57
1536310971.784, 0, 27, 48
1536310972.783, 0, 34, 57
1536310973.789, 0, 34, 53
1536310974.766, 0, 35, 53
1536310975.787, 0, 41, 56
1536310976.803, 0, 54, 60
1536310977.770, 0, 50, 57
1536310978.775, 0, 61, 61
1536310979.765, 0, 57, 64
1536310980.789, 0, 43, 54
1536310981.786, 0, 64, 51
1536310982.790, 0, 56, 38
1536310983.782, 0, 60, 41
1536310984.768, 0, 61, 30
1536310985.780, 0, 64, 41
1536310986.759, 0, 60, 43
1536310987.786, 0, 63, 43
1536310988.786, 0, 63, 57
1536310989.770, 0, 53, 44
1536310990.783, 0, 60, 56
1536310991.801, 0, 75, 48
1536310992.773, 0, 84, 47
1536310993.780, 0, 61, 61
1536310994.769, 0, 63, 56
1536310995.785, 0, 40, 63
1536310996.769, 0, 26, 70
1536310997.773, 0, 47, 60
1536310998.791, 0, 37, 56
1536310999.772, 0, 38, 63
1536311000.786, 0, 40, 47
1536311001.766, 0, 34, 44
1536311002.805, 0, 29, 51
1536311003.784, 0, 23, 44
1536311004.772, 0, 35, 48
1536311005.784, 0, 44, 54
1536311006.766, 0, 56, 51
1536311007.781, 0, 64, 57
1536311008.765, 0, 64, 67
1536311009.767, 0, 63, 70
1536311010.784, 0, 67, 69
1536311011.767, 0, 69, 64
1536311012.783, 0, 57, 63
1536311013.788, 0, 57, 51
1536311014.783, 0, 44, 47
1536311015.788, 0, 40, 40
1536311016.770, 0, 50, 44
1536311017.796, 0, 50, 54
1536311018.775, 0, 64, 64
1536311019.771, 0, 74, 66
1536311020.783, 0, 64, 56
1536311021.772, 0, 69, 43
1536311022.785, 0, 50, 34
1536311023.773, 0, 38, 38
1536311024.786, 0, 44, 40
1536311025.783, 0, 40, 53
1536311026.772, 0, 40, 60
1536311027.784, 0, 61, 60
1536311028.781, 0, 51, 60
1536311029.790, 0, 43, 41
1536311030.773, 0, 35, 30
1536311031.790, 0, 27, 40
1536311032.796, 0, 27, 40
1536311033.768, 0, 37, 51
1536311034.783, 0, 54, 70
1536311035.758, 0, 54, 67
1536311036.770, 0, 70, 66
1536311037.803, 0, 74, 74
1536311038.769, 0, 61, 54
1536311039.775, 0, 66, 44
1536311040.772, 0, 74, 54
1536311041.785, 0, 75, 61
1536311042.783, 0, 80, 60
1536311043.789, 0, 56, 47
1536311044.780, 0, 40, 40
1536311045.758, 0, 29, 23
1536311046.782, 0, 44, 34
1536311047.765, 0, 60, 48
1536311048.772, 0, 67, 50
1536311049.786, 0, 78, 54
1536311050.769, 0, 70, 53
1536311051.786, 0, 75, 56
1536311052.787, 0, 64, 53
1536311053.771, 0, 44, 47
1536311054.787, 0, 43, 48
1536311055.766, 0, 41, 51
1536311056.786, 0, 43, 69
1536311057.765, 0, 63, 84
1536311058.786, 0, 67, 91
1536311059.759, 0, 60, 77
1536311060.764, 0, 61, 78
1536311061.780, 0, 60, 81
1536311062.795, 0, 57, 74
1536311063.770, 0, 78, 90
1536311064.786, 0, 67, 69
1536311065.770, 0, 63, 63
1536311066.784, 0, 63, 56
1536311067.774, 0, 61, 44
1536311068.770, 0, 54, 38
1536311069.771, 0, 54, 44
1536311070.771, 0, 54, 41
1536311071.785, 0, 48, 48
1536311072.801, 0, 64, 60
1536311073.787, 0, 70, 54
1536311074.783, 0, 67, 57
1536311075.800, 0, 51, 51
1536311076.781, 0, 43, 50
1536311077.768, 0, 40, 48
1536311078.786, 0, 41, 50
1536311079.773, 0, 48, 51
1536311080.770, 0, 44, 53
1536311081.782, 0, 48, 60
1536311082.772, 0, 44, 66
1536311083.773, 0, 48, 77
1536311084.785, 0, 53, 75
1536311085.788, 0, 43, 66
1536311086.785, 0, 40, 63
1536311087.764, 0, 50, 57
1536311088.802, 0, 53, 61
1536311089.771, 0, 53, 70
1536311090.784, 0, 54, 67
1536311091.783, 0, 47, 70
1536311092.768, 0, 47, 70
1536311093.782, 0, 60, 75
1536311094.758, 0, 64, 75
1536311095.785, 0, 81, 63
1536311096.801, 0, 90, 67
1536311097.772, 0, 67, 56
1536311098.784, 0, 63, 63
1536311099.787, 0, 54, 77
1536311100.770, 0, 47, 74
1536311101.786, 0, 70, 81
1536311102.786, 0, 80, 81
1536311103.800, 0, 67, 81
1536311104.796, 0, 74, 81
1536311105.803, 0, 69, 69
1536311106.767, 0, 63, 57
1536311107.771, 0, 60, 44
1536311108.786, 0, 56, 43
1536311109.774, 0, 44, 43
1536311110.788, 0, 43, 51
1536311111.765, 0, 44, 60
1536311112.782, 0, 40, 51
1536311113.779, 0, 40, 57
1536311114.784, 0, 56, 54
1536311115.779, 0, 61, 50
1536311116.764, 0, 77, 54
1536311117.787, 0, 74, 53
1536311118.772, 0, 54, 53
1536311119.772, 0, 51, 60
1536311120.787, 0, 38, 53
1536311121.774, 0, 51, 67
1536311122.788, 0, 50, 69
1536311123.788, 0, 60, 61
1536311124.789, 0, 56, 61
1536311125.781, 0, 44, 56
1536311126.765, 0, 50, 57
1536311127.787, 0, 47, 47
1536311128.774, 0, 47, 50
1536311129.780, 0, 53, 37
1536311130.765, 0, 43, 14
1536311131.802, 0, 38, 38
1536311132.784, 0, 44, 40
1536311133.795, 0, 40, 44
1536311134.779, 0, 41, 63
1536311135.804, 0, 23, 44
1536311136.767, 0, 11, 56
1536311137.782, 0, 23, 64
1536311138.767, 0, 14, 60
1536311139.771, 0, 30, 75
1536311140.766, 0, 47, 64
1536311141.766, 0, 35, 64
1536311142.782, 0, 48, 78
1536311143.767, 0, 44, 88
1536311144.781, 0, 37, 90
1536311145.789, 0, 38, 81
1536311146.794, 0, 44, 64
1536311147.783, 0, 67, 48
1536311148.768, 0, 57, 51
1536311149.783, 0, 61, 51
1536311150.768, 0, 54, 66
1536311151.771, 0, 47, 77
1536311152.788, 0, 50, 69
1536311153.785, 0, 60, 64
1536311154.779, 0, 69, 60
1536311155.765, 0, 66, 50
1536311156.782, 0, 69, 56
1536311157.781, 0, 57, 61
1536311158.774, 0, 41, 69
1536311159.785, 0, 34, 67
1536311160.769, 0, 29, 69
1536311161.803, 0, 23, 77
1536311162.787, 0, 24, 66
1536311163.786, 0, 17, 63
1536311164.786, 0, 11, 60
1536311165.771, 0, 13, 44
1536311166.779, 0, 17, 40
1536311167.770, 0, 17, 40
1536311168.764, 0, 40, 47
1536311169.784, 0, 51, 54
1536311170.773, 0, 40, 60
1536311171.785, 0, 48, 77
1536311172.772, 0, 51, 81
1536311173.787, 0, 43, 78
1536311174.785, 0, 57, 78
1536311175.780, 0, 60, 61
1536311176.797, 0, 40, 51
1536311177.765, 0, 35, 61
1536311178.767, 0, 44, 60
1536311179.770, 0, 50, 77
1536311180.768, 0, 63, 81
1536311181.770, 0, 81, 78
1536311182.770, 0, 80, 81
1536311183.788, 0, 78, 78
1536311184.785, 0, 87, 78
1536311185.788, 0, 75, 64
1536311186.785, 0, 70, 56
1536311187.782, 0, 74, 51
1536311188.783, 0, 64, 47
1536311189.769, 0, 54, 54
1536311190.767, 0, 47, 61
1536311191.804, 0, 35, 74
1536311192.771, 0, 27, 74
1536311193.783, 0, 26, 83
1536311194.787, 0, 30, 94
1536311195.770, 0, 41, 66
1536311196.784, 0, 51, 77
1536311197.766, 0, 69, 63
1536311198.781, 0, 63, 35
1536311199.759, 0, 61, 51
1536311200.795, 0, 64, 47
1536311201.756, 0, 74, 54
1536311202.784, 0, 78, 69
1536311203.786, 0, 69, 80
1536311204.788, 0, 47, 67
1536311205.771, 0, 29, 61
1536311206.796, 0, 26, 64
1536311207.774, 0, 27, 44
1536311208.785, 0, 35, 47
1536311209.773, 0, 37, 47
1536311210.768, 0, 40, 53
1536311211.767, 0, 56, 48
1536311212.773, 0, 53, 61
1536311213.787, 0, 54, 61
1536311214.769, 0, 51, 48
1536311215.787, 0, 30, 57
1536311216.783, 0, 29, 56
1536311217.781, 0, 37, 54
1536311218.784, 0, 38, 53
1536311219.770, 0, 41, 56
1536311220.767, 0, 60, 61
1536311221.764, 0, 30, 54
1536311222.766, 0, 34, 61
1536311223.781, 0, 48, 63
1536311224.781, 0, 43, 54
1536311225.779, 0, 60, 67
1536311226.769, 0, 63, 69
1536311227.786, 0, 54, 70
1536311228.784, 0, 38, 67
1536311229.766, 0, 40, 48
1536311230.788, 0, 40, 43
1536311231.763, 0, 24, 26
1536311232.795, 0, 44, 16
1536311233.778, 0, 48, 53
1536311234.785, 0, 60, 60
1536311235.783, 0, 78, 77
1536311236.765, 0, 70, 78
1536311237.784, 0, 78, 48
1536311238.755, 0, 54, 48
1536311239.764, 0, 40, 23
1536311240.783, 0, 38, 35
1536311241.765, 0, 34, 44
1536311242.769, 0, 30, 27
1536311243.768, 0, 54, 47
1536311244.784, 0, 43, 47
1536311245.782, 0, 44, 44
1536311246.768, 0, 60, 48
1536311247.800, 0, 37, 47
1536311248.763, 0, 51, 57
1536311249.768, 0, 54, 64
1536311250.755, 0, 54, 63
1536311251.770, 0, 60, 74
1536311252.781, 0, 60, 51
1536311253.763, 0, 53, 63
1536311254.769, 0, 43, 64
1536311255.778, 0, 43, 51
1536311256.766, 0, 56, 54
1536311257.784, 0, 56, 43
1536311258.771, 0, 70, 41
1536311259.784, 0, 77, 43
1536311260.779, 0, 48, 41
1536311261.772, 0, 51, 48
1536311262.783, 0, 40, 50
1536311263.768, 0, 44, 56
1536311264.797, 0, 60, 74
1536311265.786, 0, 54, 66
1536311266.778, 0, 74, 70
1536311267.787, 0, 80, 67
1536311268.769, 0, 77, 54
1536311269.785, 0, 67, 53
1536311270.771, 0, 51, 53
1536311271.766, 0, 38, 47
1536311272.770, 0, 51, 51
1536311273.783, 0, 63, 47
1536311274.778, 0, 66, 48
1536311275.782, 0, 66, 50
1536311276.772, 0, 56, 41
1536311277.800, 0, 54, 44
1536311278.763, 0, 43, 35
1536311279.795, 0, 48, 41
1536311280.758, 0, 57, 43
1536311281.765, 0, 63, 53
1536311282.763, 0, 90, 57
1536311283.767, 0, 83, 54
1536311284.781, 0, 81, 63
1536311285.768, 0, 83, 53
1536311286.772, 0, 70, 44
1536311287.754, 0, 66, 50
1536311288.787, 0, 51, 51
1536311289.787, 0, 47, 43
1536311290.781, 0, 30, 47
1536311291.772, 0, 54, 38
1536311292.767, 0, 63, 40
1536311293.771, 0, 61, 51
1536311294.781, 0, 81, 61
1536311295.784, 0, 61, 69
1536311296.810, 0, 56, 64
1536311297.769, 0, 57, 57
1536311298.771, 0, 41, 51
1536311299.765, 0, 37, 41
1536311300.763, 0, 41, 47
1536311301.785, 0, 48, 64
1536311302.769, 0, 64, 75
1536311303.781, 0, 70, 81
1536311304.780, 0, 77, 78
1536311305.782, 0, 81, 70
1536311306.785, 0, 74, 51
1536311307.763, 0, 74, 44
1536311308.781, 0, 61, 43
1536311309.769, 0, 54, 29
1536311310.771, 0, 53, 50
1536311311.755, 0, 51, 53
1536311312.765, 0, 57, 61
1536311313.770, 0, 53, 70
1536311314.772, 0, 50, 66
1536311315.768, 0, 61, 64
1536311316.788, 0, 51, 60
1536311317.782, 0, 44, 56
1536311318.785, 0, 44, 66
1536311319.763, 0, 21, 64
1536311320.787, 0, 24, 47
1536311321.771, 0, 30, 53
1536311322.766, 0, 37, 43
1536311323.784, 0, 40, 35
1536311324.764, 0, 56, 51
1536311325.787, 0, 57, 44
1536311326.780, 0, 51, 44
1536311327.766, 0, 60, 56
1536311328.799, 0, 64, 64
1536311329.768, 0, 60, 69
1536311330.786, 0, 69, 70
1536311331.772, 0, 77, 70
1536311332.784, 0, 66, 57
1536311333.781, 0, 78, 44
1536311334.770, 0, 67, 35
1536311335.795, 0, 63, 34
1536311336.780, 0, 53, 34
1536311337.785, 0, 44, 44
1536311338.781, 0, 44, 38
1536311339.769, 0, 41, 44
1536311340.780, 0, 44, 50
1536311341.770, 0, 40, 44
1536311342.773, 0, 35, 53
1536311343.769, 0, 30, 40
1536311344.768, 0, 43, 53
1536311345.788, 0, 35, 64
1536311346.787, 0, 40, 74
1536311347.784, 0, 21, 69
1536311348.781, 0, 21, 56
1536311349.765, 0, 38, 50
1536311350.801, 0, 43, 47
1536311351.769, 0, 70, 57
1536311352.768, 0, 74, 57
1536311353.765, 0, 67, 60
1536311354.770, 0, 64, 48
1536311355.786, 0, 63, 40
1536311356.772, 0, 51, 23
1536311357.778, 0, 44, 16
1536311358.765, 0, 50, 26
1536311359.771, 0, 50, 40
1536311360.794, 0, 53, 64
1536311361.782, 0, 66, 69
1536311362.787, 0, 64, 63
1536311363.770, 0, 63, 54
1536311364.765, 0, 63, 34
1536311365.794, 0, 74, 27
1536311366.769, 0, 75, 34
1536311367.785, 0, 81, 35
1536311368.763, 0, 84, 57
1536311369.786, 0, 75, 56
1536311370.770, 0, 78, 54
1536311371.766, 0, 57, 66
1536311372.800, 0, 57, 48
1536311373.769, 0, 56, 54
1536311374.785, 0, 57, 56
1536311375.779, 0, 75, 30
1536311376.786, 0, 80, 30
1536311377.780, 0, 66, 26
1536311378.773, 0, 80, 34
1536311379.784, 0, 75, 41
1536311380.769, 0, 57, 44
1536311381.768, 0, 66, 56
1536311382.752, 0, 56, 53
1536311383.766, 0, 56, 63
1536311384.769, 0, 69, 64
1536311385.764, 0, 61, 43
1536311386.783, 0, 61, 48
1536311387.779, 0, 48, 43
1536311388.784, 0, 44, 50
1536311389.778, 0, 51, 64
1536311390.768, 0, 48, 69
1536311391.780, 0, 56, 61
1536311392.767, 0, 48, 37
1536311393.763, 0, 51, 43
1536311394.768, 0, 47, 21
1536311395.767, 0, 53, 14
1536311396.782, 0, 54, 30
1536311397.784, 0, 57, 17
1536311398.783, 0, 63, 38
1536311399.779, 0, 66, 47
1536311400.765, 0, 63, 38
1536311401.781, 0, 40, 40
1536311402.784, 0, 43, 48
1536311403.784, 0, 20, 61
1536311404.781, 0, 23, 74
1536311405.771, 0, 34, 75
1536311406.780, 0, 17, 66
1536311407.762, 0, 34, 69
1536311408.787, 0, 37, 61
1536311409.798, 0, 43, 67
1536311410.770, 0, 56, 61
1536311411.784, 0, 64, 56
1536311412.763, 0, 67, 66
1536311413.770, 0, 66, 48
1536311414.756, 0, 75, 53
1536311415.769, 0, 61, 48
1536311416.782, 0, 53, 34
1536311417.772, 0, 48, 53
1536311418.783, 0, 44, 44
1536311419.752, 0, 57, 34
1536311420.768, 0, 54, 54
1536311421.786, 0, 50, 53
1536311422.768, 0, 34, 64
1536311423.783, 0, 41, 77
1536311424.769, 0, 41, 57
1536311425.783, 0, 60, 50
1536311426.782, 0, 87, 47
1536311427.765, 0, 75, 44
1536311428.786, 0, 90, 40
1536311429.771, 0, 88, 35
1536311430.782, 0, 70, 35
1536311431.770, 0, 88, 27
1536311432.784, 0, 90, 30
1536311433.771, 0, 88, 44
1536311434.783, 0, 91, 43
1536311435.765, 0, 61, 47
1536311436.799, 0, 54, 56
1536311437.784, 0, 56, 61
1536311438.801, 0, 50, 64
1536311439.755, 0, 63, 66
1536311440.780, 0, 64, 61
1536311441.755, 0, 41, 50
