Time, Value
1536243698.083, 0
1536243699.110, 0
1536243700.100, 0
1536243701.086, 0
1536243702.093, 0
1536243703.133, 0
1536243704.093, 0
1536243705.114, 0
1536243706.086, 0
1536243707.100, 0
1536243708.099, 0
1536243709.100, 0
1536243710.097, 0
1536243711.086, 0
1536243712.113, 0
1536243713.085, 0
1536243714.109, 0
1536243715.108, 0
1536243716.102, 0
1536243717.099, 0
1536243718.084, 0
1536243719.100, 0
1536243720.118, 0
1536243721.094, 0
1536243722.097, 0
1536243723.098, 0
1536243724.095, 0
1536243725.095, 0
1536243726.101, 0
1536243727.118, 0
1536243728.103, 0
1536243729.117, 0
1536243730.102, 0
1536243731.098, 0
1536243732.098, 0
1536243733.079, 0
1536243734.097, 0
1536243735.081, 0
1536243736.085, 0
1536243737.078, 0
1536243738.086, 0
1536243739.092, 0
1536243740.094, 0
1536243741.092, 0
1536243742.115, 0
1536243743.095, 0
1536243744.110, 0
1536243745.088, 0
1536243746.099, 0
1536243747.081, 0
1536243748.087, 0
1536243749.101, 0
1536243750.088, 0
1536243751.099, 0
1536243752.114, 0
1536243753.092, 0
1536243754.114, 0
1536243755.130, 0
1536243756.099, 0
1536243757.083, 0
1536243758.101, 0
1536243759.113, 0
1536243760.099, 0
1536243761.101, 0
1536243762.118, 0
1536243763.098, 0
1536243764.108, 0
1536243765.100, 0
1536243766.099, 0
1536243767.083, 0
1536243768.102, 0
1536243769.084, 0
1536243770.098, 0
1536243771.098, 0
1536243772.094, 0
1536243773.100, 0
1536243774.116, 0
1536243775.102, 0
1536243776.125, 0
1536243777.087, 0
1536243778.094, 0
1536243779.082, 0
1536243780.095, 0
1536243781.116, 0
1536243782.102, 0
1536243783.096, 0
1536243784.082, 0
1536243785.115, 0
1536243786.111, 0
1536243787.085, 0
1536243788.095, 0
1536243789.082, 0
1536243790.095, 0
1536243791.108, 0
1536243792.098, 0
1536243793.098, 0
1536243794.078, 0
1536243795.096, 0
1536243796.102, 0
1536243797.087, 0
1536243798.114, 0
1536243799.100, 0
1536243800.108, 0
1536243801.108, 0
1536243802.097, 0
1536243803.114, 0
1536243804.086, 0
1536243805.102, 0
1536243806.087, 0
1536243807.086, 0
1536243808.078, 0
1536243809.097, 0
1536243810.093, 0
1536243811.096, 0
1536243812.098, 0
1536243813.116, 0
1536243814.092, 0
1536243815.113, 0
1536243816.085, 0
1536243817.099, 0
1536243818.083, 0
1536243819.101, 0
1536243820.100, 0
1536243821.093, 0
1536243822.095, 0
1536243823.108, 0
1536243824.093, 0
1536243825.117, 0
1536243826.101, 0
1536243827.116, 0
1536243828.099, 0
1536243829.100, 0
1536243830.114, 0
1536243831.100, 0
1536243832.093, 0
1536243833.079, 0
1536243834.093, 0
1536243835.110, 0
1536243836.101, 0
1536243837.115, 0
1536243838.100, 0
1536243839.095, 0
1536243840.082, 0
1536243841.096, 0
1536243842.101, 0
1536243843.110, 0
1536243844.093, 0
1536243845.082, 0
1536243846.100, 0
1536243847.130, 0
1536243848.085, 0
1536243849.099, 0
1536243850.083, 0
1536243851.148, 0
1536243852.101, 0
1536243853.087, 0
1536243854.102, 0
1536243855.079, 0
1536243856.113, 0
1536243857.078, 0
1536243858.119, 0
1536243859.093, 0
1536243860.087, 0
1536243861.099, 0
1536243862.118, 0
1536243863.101, 0
1536243864.109, 0
1536243865.082, 0
1536243866.100, 0
1536243867.089, 0
1536243868.099, 0
1536243869.095, 0
1536243870.083, 0
1536243871.096, 0
1536243872.116, 0
1536243873.115, 0
1536243874.115, 0
1536243875.099, 0
1536243876.097, 0
1536243877.079, 0
1536243878.102, 0
1536243879.087, 0
1536243880.084, 0
1536243881.093, 0
1536243882.099, 0
1536243883.118, 0
1536243884.102, 0
1536243885.100, 0
1536243886.114, 0
1536243887.083, 0
1536243888.117, 0
1536243889.083, 0
1536243890.100, 0
1536243891.099, 0
1536243892.090, 0
1536243893.092, 0
1536243894.101, 0
1536243895.098, 0
1536243896.108, 0
1536243897.100, 0
1536243898.115, 0
1536243899.100, 0
1536243900.096, 0
1536243901.100, 0
1536243902.086, 0
1536243903.112, 0
1536243904.078, 0
1536243905.098, 0
1536243906.110, 0
1536243907.098, 0
1536243908.102, 0
1536243909.083, 0
1536243910.098, 0
1536243911.086, 0
1536243912.094, 0
1536243913.096, 0
1536243914.094, 0
1536243915.133, 0
1536243916.079, 0
1536243917.101, 0
1536243918.130, 0
1536243919.101, 0
1536243920.095, 0
1536243921.087, 0
1536243922.100, 0
1536243923.117, 0
1536243924.099, 0
1536243925.095, 0
1536243926.083, 0
1536243927.098, 0
1536243928.080, 0
1536243929.101, 0
1536243930.096, 0
1536243931.084, 0
1536243932.097, 0
1536243933.113, 0
1536243934.096, 0
1536243935.114, 0
1536243936.081, 0
1536243937.097, 0
1536243938.078, 0
1536243939.087, 0
1536243940.100, 0
1536243941.086, 0
1536243942.095, 0
1536243943.109, 0
1536243944.117, 0
1536243945.101, 0
1536243946.083, 0
1536243947.129, 0
1536243948.083, 0
1536243949.093, 0
1536243950.083, 0
1536243951.089, 0
1536243952.092, 0
1536243953.085, 0
1536243954.094, 0
1536243955.114, 0
1536243956.097, 0
1536243957.099, 0
1536243958.079, 0
1536243959.101, 0
1536243960.085, 0
1536243961.103, 0
1536243962.093, 0
1536243963.096, 0
1536243964.099, 0
1536243965.079, 0
1536243966.099, 0
1536243967.109, 0
1536243968.079, 0
1536243969.108, 0
1536243970.097, 0
1536243971.094, 0
1536243972.098, 0
1536243973.093, 0
1536243974.115, 0
1536243975.082, 0
1536243976.112, 0
1536243977.076, 0
1536243978.100, 0
1536243979.117, 0
1536243980.083, 0
1536243981.094, 0
1536243982.080, 0
1536243983.096, 0
1536243984.098, 0
1536243985.100, 0
1536243986.094, 0
1536243987.081, 0
1536243988.088, 0
1536243989.080, 0
1536243990.099, 0
1536243991.097, 0
1536243992.081, 0
1536243993.086, 0
1536243994.100, 0
1536243995.095, 0
1536243996.098, 0
1536243997.085, 0
1536243998.097, 0
1536243999.084, 0
1536244000.094, 0
1536244001.099, 0
1536244002.109, 0
1536244003.099, 0
1536244004.109, 0
1536244005.094, 0
1536244006.123, 0
1536244007.085, 0
1536244008.098, 0
1536244009.084, 0
1536244010.095, 0
1536244011.080, 0
1536244012.097, 0
1536244013.100, 0
1536244014.108, 0
1536244015.099, 0
1536244016.114, 0
1536244017.080, 0
1536244018.098, 0
1536244019.079, 0
1536244020.092, 0
1536244021.086, 0
1536244022.101, 0
1536244023.097, 0
1536244024.087, 0
1536244025.095, 0
1536244026.115, 0
1536244027.093, 0
1536244028.115, 0
1536244029.083, 0
1536244030.096, 0
1536244031.083, 0
1536244032.114, 0
1536244033.113, 0
1536244034.093, 0
1536244035.096, 0
1536244036.080, 0
1536244037.094, 0
1536244038.101, 0
1536244039.088, 0
1536244040.114, 0
1536244041.102, 0
1536244042.095, 0
1536244043.130, 0
1536244044.099, 0
1536244045.102, 0
1536244046.084, 0
1536244047.115, 0
1536244048.078, 0
1536244049.086, 0
1536244050.109, 0
1536244051.088, 0
1536244052.093, 0
1536244053.084, 0
1536244054.098, 0
1536244055.100, 0
1536244056.099, 0
1536244057.099, 0
1536244058.096, 0
1536244059.098, 0
1536244060.088, 0
1536244061.083, 0
1536244062.115, 0
1536244063.086, 0
1536244064.094, 0
1536244065.117, 0
1536244066.099, 0
1536244067.098, 0
1536244068.082, 0
1536244069.093, 0
1536244070.078, 0
1536244071.101, 0
1536244072.095, 0
1536244073.100, 0
1536244074.098, 0
1536244075.125, 0
1536244076.100, 0
1536244077.118, 0
1536244078.087, 0
1536244079.098, 0
1536244080.081, 0
1536244081.086, 0
1536244082.081, 0
1536244083.100, 0
1536244084.093, 0
1536244085.082, 0
1536244086.100, 0
1536244087.115, 0
1536244088.115, 0
1536244089.117, 0
1536244090.079, 0
1536244091.087, 0
1536244092.079, 0
1536244093.083, 0
1536244094.094, 0
1536244095.089, 0
1536244096.098, 0
1536244097.083, 0
1536244098.096, 0
1536244099.108, 0
1536244100.086, 0
1536244101.104, 0
1536244102.085, 0
1536244103.115, 0
1536244104.113, 0
1536244105.087, 0
1536244106.099, 0
1536244107.086, 0
1536244108.092, 0
1536244109.086, 0
1536244110.081, 0
1536244111.102, 0
1536244112.087, 0
1536244113.101, 0
1536244114.100, 0
1536244115.102, 0
1536244116.095, 0
1536244117.088, 0
1536244118.110, 0
1536244119.083, 0
1536244120.099, 0
1536244121.086, 0
1536244122.081, 0
1536244123.094, 0
1536244124.084, 0
1536244125.102, 0
1536244126.114, 0
1536244127.093, 0
1536244128.094, 0
1536244129.100, 0
1536244130.088, 0
1536244131.098, 0
1536244132.099, 0
1536244133.116, 0
1536244134.082, 0
1536244135.098, 0
1536244136.098, 0
1536244137.096, 0
1536244138.096, 0
1536244139.081, 0
1536244140.098, 0
1536244141.078, 0
1536244142.083, 0
1536244143.102, 0
1536244144.099, 0
1536244145.092, 0
1536244146.098, 0
1536244147.093, 0
1536244148.114, 0
1536244149.088, 0
1536244150.114, 0
1536244151.084, 0
1536244152.094, 0
1536244153.081, 0
1536244154.084, 0
1536244155.098, 0
1536244156.087, 0
1536244157.101, 0
1536244158.109, 0
1536244159.093, 0
1536244160.113, 0
1536244161.087, 0
1536244162.099, 0
1536244163.083, 0
1536244164.099, 0
1536244165.095, 0
1536244166.094, 0
1536244167.093, 0
1536244168.083, 0
1536244169.099, 0
1536244170.116, 0
1536244171.099, 0
1536244172.099, 0
1536244173.081, 0
1536244174.101, 0
1536244175.096, 0
1536244176.103, 0
1536244177.094, 0
1536244178.082, 0
1536244179.093, 0
1536244180.085, 0
1536244181.098, 0
1536244182.109, 0
1536244183.100, 0
1536244184.098, 0
1536244185.102, 0
1536244186.085, 0
1536244187.113, 0
1536244188.080, 0
1536244189.113, 0
1536244190.078, 0
1536244191.086, 0
1536244192.083, 0
1536244193.099, 0
1536244194.096, 0
1536244195.080, 0
1536244196.087, 0
1536244197.113, 0
1536244198.094, 0
1536244199.100, 0
1536244200.099, 0
1536244201.094, 0
1536244202.102, 0
1536244203.084, 0
1536244204.102, 0
1536244205.087, 0
1536244206.113, 0
1536244207.100, 0
1536244208.092, 0
1536244209.100, 0
1536244210.084, 0
1536244211.101, 0
1536244212.085, 0
1536244213.086, 0
1536244214.095, 0
1536244215.083, 0
1536244216.101, 0
1536244217.096, 0
1536244218.097, 0
1536244219.115, 0
1536244220.081, 0
1536244221.109, 0
1536244222.080, 0
1536244223.102, 0
1536244224.084, 0
1536244225.102, 0
1536244226.099, 0
1536244227.100, 0
1536244228.093, 0
1536244229.080, 0
1536244230.095, 0
1536244231.116, 0
1536244232.102, 0
1536244233.100, 0
1536244234.080, 0
1536244235.101, 0
1536244236.116, 0
1536244237.093, 0
1536244238.094, 0
1536244239.081, 0
1536244240.093, 0
1536244241.079, 0
1536244242.080, 0
1536244243.088, 0
1536244244.084, 0
1536244245.096, 0
1536244246.097, 0
1536244247.096, 0
1536244248.098, 0
1536244249.079, 0
1536244250.096, 0
1536244251.079, 0
1536244252.084, 0
1536244253.080, 0
1536244254.086, 0
1536244255.097, 0
1536244256.108, 0
1536244257.095, 0
1536244258.101, 0
1536244259.078, 0
1536244260.093, 0
1536244261.084, 0
1536244262.100, 0
1536244263.086, 0
1536244264.081, 0
1536244265.093, 0
1536244266.087, 0
1536244267.087, 0
1536244268.098, 0
1536244269.093, 0
1536244270.098, 0
1536244271.085, 0
1536244272.100, 0
1536244273.094, 0
1536244274.101, 0
1536244275.099, 0
1536244276.099, 0
1536244277.114, 0
1536244278.117, 0
1536244279.099, 0
1536244280.115, 0
1536244281.083, 0
1536244282.100, 0
1536244283.082, 0
1536244284.102, 0
1536244285.096, 0
1536244286.083, 0
1536244287.097, 0
1536244288.095, 0
1536244289.098, 0
1536244290.101, 0
1536244291.085, 0
1536244292.114, 0
1536244293.079, 0
1536244294.085, 0
1536244295.079, 0
1536244296.084, 0
1536244297.100, 0
1536244298.086, 0
1536244299.094, 0
1536244300.080, 0
1536244301.087, 0
1536244302.098, 0
1536244303.096, 0
1536244304.100, 0
1536244305.083, 0
1536244306.096, 0
1536244307.113, 0
1536244308.093, 0
1536244309.099, 0
1536244310.084, 0
1536244311.092, 0
1536244312.079, 0
1536244313.081, 0
1536244314.102, 0
1536244315.083, 0
1536244316.099, 0
1536244317.097, 0
1536244318.099, 0
1536244319.100, 0
1536244320.079, 0
1536244321.100, 0
1536244322.084, 0
1536244323.099, 0
1536244324.086, 0
1536244325.083, 0
1536244326.097, 0
1536244327.108, 0
1536244328.098, 0
1536244329.096, 0
1536244330.081, 0
1536244331.094, 0
1536244332.083, 0
1536244333.095, 0
1536244334.086, 0
1536244335.103, 0
1536244336.098, 0
1536244337.099, 0
1536244338.094, 0
1536244339.129, 0
1536244340.101, 0
1536244341.096, 0
1536244342.083, 0
1536244343.087, 0
1536244344.079, 0
1536244345.082, 0
1536244346.097, 0
1536244347.088, 0
1536244348.095, 0
1536244349.079, 0
1536244350.102, 0
1536244351.097, 0
1536244352.087, 0
1536244353.099, 0
1536244354.086, 0
1536244355.087, 0
1536244356.100, 0
1536244357.088, 0
1536244358.099, 0
1536244359.088, 0
1536244360.097, 0
1536244361.095, 0
1536244362.081, 0
1536244363.100, 0
1536244364.084, 0
1536244365.097, 0
1536244366.086, 0
1536244367.092, 0
1536244368.093, 0
1536244369.097, 0
1536244370.092, 0
1536244371.085, 0
1536244372.101, 0
1536244373.086, 0
1536244374.087, 0
1536244375.087, 0
1536244376.097, 0
1536244377.094, 0
1536244378.116, 0
1536244379.102, 0
1536244380.117, 0
1536244381.079, 0
1536244382.092, 0
1536244383.082, 0
1536244384.098, 0
1536244385.087, 0
1536244386.079, 0
1536244387.099, 0
1536244388.102, 0
1536244389.093, 0
1536244390.095, 0
1536244391.102, 0
1536244392.097, 0
1536244393.082, 0
1536244394.087, 0
1536244395.084, 0
1536244396.084, 0
1536244397.094, 0
1536244398.114, 0
1536244399.086, 0
1536244400.098, 0
1536244401.087, 0
1536244402.093, 0
1536244403.077, 0
1536244404.097, 0
1536244405.082, 0
1536244406.116, 0
1536244407.100, 0
1536244408.085, 0
1536244409.097, 0
1536244410.113, 0
1536244411.085, 0
1536244412.100, 0
1536244413.079, 0
1536244414.097, 0
1536244415.078, 0
1536244416.100, 0
1536244417.096, 0
1536244418.083, 0
1536244419.092, 0
1536244420.078, 0
1536244421.099, 0
1536244422.115, 0
1536244423.084, 0
1536244424.096, 0
1536244425.082, 0
1536244426.099, 0
1536244427.096, 0
1536244428.098, 0
1536244429.099, 0
1536244430.083, 0
1536244431.096, 0
1536244432.096, 0
1536244433.098, 0
1536244434.115, 0
1536244435.078, 0
1536244436.116, 0
1536244437.080, 0
1536244438.098, 0
1536244439.093, 0
1536244440.100, 0
1536244441.092, 0
1536244442.079, 0
1536244443.088, 0
1536244444.078, 0
1536244445.079, 0
1536244446.097, 0
1536244447.100, 0
1536244448.092, 0
1536244449.113, 0
1536244450.098, 0
1536244451.111, 0
1536244452.084, 0
1536244453.118, 0
1536244454.081, 0
1536244455.084, 0
1536244456.099, 0
1536244457.099, 0
1536244458.085, 0
1536244459.115, 0
1536244460.095, 0
1536244461.100, 0
1536244462.096, 0
1536244463.092, 0
1536244464.080, 0
1536244465.100, 0
1536244466.079, 0
1536244467.086, 0
1536244468.095, 0
1536244469.087, 0
1536244470.097, 0
1536244471.116, 0
1536244472.082, 0
1536244473.095, 0
1536244474.086, 0
1536244475.082, 0
1536244476.086, 0
1536244477.093, 0
1536244478.093, 0
1536244479.100, 0
1536244480.092, 0
1536244481.071, 0
1536244482.097, 0
1536244483.118, 0
1536244484.084, 0
1536244485.084, 0
1536244486.080, 0
1536244487.084, 0
1536244488.096, 0
1536244489.099, 0
1536244490.093, 0
1536244491.080, 0
1536244492.096, 0
1536244493.072, 0
1536244494.078, 0
1536244495.118, 0
1536244496.082, 0
1536244497.086, 0
1536244498.099, 0
1536244499.084, 0
1536244500.104, 0
1536244501.082, 0
1536244502.093, 0
1536244503.078, 0
1536244504.083, 0
1536244505.103, 0
1536244506.080, 0
1536244507.099, 0
1536244508.080, 0
1536244509.115, 0
1536244510.099, 0
1536244511.084, 0
1536244512.099, 0
1536244513.077, 0
1536244514.080, 0
1536244515.084, 0
1536244516.083, 0
1536244517.102, 0
1536244518.086, 0
1536244519.100, 0
1536244520.098, 0
1536244521.101, 0
1536244522.097, 0
1536244523.083, 0
1536244524.111, 0
1536244525.072, 0
1536244526.082, 0
1536244527.099, 0
1536244528.084, 0
1536244529.094, 0
1536244530.114, 0
1536244531.100, 0
1536244532.099, 0
1536244533.102, 0
1536244534.097, 0
1536244535.095, 0
1536244536.086, 0
1536244537.082, 0
1536244538.080, 0
1536244539.116, 0
1536244540.079, 27
1536244541.085, 0
1536244542.100, 0
1536244543.083, 0
1536244544.095, 0
1536244545.081, 0
1536244546.098, 0
1536244547.082, 0
1536244548.100, 0
1536244549.103, 0
1536244550.095, 0
1536244551.097, 0
1536244552.081, 0
1536244553.100, 0
1536244554.116, 0
1536244555.078, 0
1536244556.102, 0
1536244557.083, 0
1536244558.093, 0
1536244559.099, 0
1536244560.083, 0
1536244561.101, 0
1536244562.080, 0
1536244563.100, 0
1536244564.100, 0
1536244565.115, 0
1536244566.099, 0
1536244567.083, 0
1536244568.100, 0
1536244569.116, 0
1536244570.102, 0
1536244571.098, 0
1536244572.079, 0
1536244573.093, 0
1536244574.086, 0
1536244575.079, 0
1536244576.084, 0
1536244577.084, 0
1536244578.094, 0
1536244579.080, 0
1536244580.101, 0
1536244581.094, 0
1536244582.100, 0
1536244583.093, 0
1536244584.079, 0
1536244585.086, 0
1536244586.079, 0
1536244587.086, 0
1536244588.087, 0
1536244589.080, 0
1536244590.087, 0
1536244591.115, 0
1536244592.101, 0
1536244593.114, 0
1536244594.079, 0
1536244595.117, 0
1536244596.094, 0
1536244597.083, 0
1536244598.094, 0
1536244599.087, 0
1536244600.098, 0
1536244601.078, 0
1536244602.087, 0
1536244603.103, 0
1536244604.086, 0
1536244605.101, 0
1536244606.098, 0
1536244607.093, 0
1536244608.081, 0
1536244609.082, 0
1536244610.114, 0
1536244611.079, 0
1536244612.102, 0
1536244613.084, 0
1536244614.081, 0
1536244615.097, 0
1536244616.085, 0
1536244617.082, 0
1536244618.086, 0
1536244619.101, 0
1536244620.100, 0
1536244621.098, 0
1536244622.093, 0
1536244623.082, 0
1536244624.102, 0
1536244625.078, 0
1536244626.083, 0
1536244627.098, 0
1536244628.096, 0
1536244629.082, 0
1536244630.095, 0
1536244631.101, 0
1536244632.093, 0
1536244633.071, 0
1536244634.088, 0
1536244635.085, 0
1536244636.101, 0
1536244637.069, 0
1536244638.084, 0
1536244639.085, 0
1536244640.112, 0
1536244641.098, 0
1536244642.095, 0
1536244643.081, 0
1536244644.097, 0
1536244645.080, 0
1536244646.100, 0
1536244647.084, 0
1536244648.083, 0
1536244649.094, 0
1536244650.078, 0
1536244651.096, 0
1536244652.099, 0
1536244653.118, 0
1536244654.103, 0
1536244655.082, 0
1536244656.098, 0
1536244657.078, 0
1536244658.084, 0
1536244659.101, 0
1536244660.101, 0
1536244661.100, 0
1536244662.096, 0
1536244663.095, 0
1536244664.103, 0
1536244665.086, 0
1536244666.093, 0
1536244667.078, 0
1536244668.085, 0
1536244669.098, 0
1536244670.083, 0
1536244671.099, 0
1536244672.083, 0
1536244673.093, 0
1536244674.115, 0
1536244675.080, 0
1536244676.096, 0
1536244677.085, 0
1536244678.100, 0
1536244679.097, 0
1536244680.084, 0
1536244681.117, 0
1536244682.081, 0
1536244683.109, 0
1536244684.085, 0
1536244685.081, 0
1536244686.097, 0
1536244687.078, 0
1536244688.086, 0
1536244689.081, 0
1536244690.086, 0
1536244691.095, 0
1536244692.101, 0
1536244693.095, 0
1536244694.104, 0
1536244695.100, 0
1536244696.080, 0
1536244697.083, 0
1536244698.085, 0
1536244699.079, 0
1536244700.084, 0
1536244701.102, 0
1536244702.085, 0
1536244703.094, 0
1536244704.086, 0
1536244705.095, 0
1536244706.082, 0
1536244707.085, 0
1536244708.069, 0
1536244709.095, 0
1536244710.084, 0
1536244711.102, 0
1536244712.094, 0
1536244713.113, 0
1536244714.079, 0
1536244715.094, 0
1536244716.078, 0
1536244717.085, 0
1536244718.080, 0
1536244719.082, 0
1536244720.094, 0
1536244721.078, 0
1536244722.103, 0
1536244723.100, 0
1536244724.096, 0
1536244725.098, 0
1536244726.082, 0
1536244727.098, 0
1536244728.087, 0
1536244729.100, 0
1536244730.095, 0
1536244731.087, 0
1536244732.098, 0
1536244733.089, 0
1536244734.094, 0
1536244735.097, 0
1536244736.081, 0
1536244737.097, 0
1536244738.080, 0
1536244739.101, 0
1536244740.099, 0
1536244741.082, 0
1536244742.103, 0
1536244743.070, 0
1536244744.100, 0
1536244745.072, 0
1536244746.092, 0
1536244747.095, 0
1536244748.081, 0
1536244749.085, 0
1536244750.094, 0
1536244751.098, 0
1536244752.094, 0
1536244753.086, 0
1536244754.118, 0
1536244755.078, 0
1536244756.118, 0
1536244757.074, 0
1536244758.081, 0
1536244759.100, 0
1536244760.080, 0
1536244761.083, 0
1536244762.097, 0
1536244763.086, 0
1536244764.093, 0
1536244765.088, 0
1536244766.099, 0
1536244767.079, 0
1536244768.081, 0
1536244769.102, 0
1536244770.079, 0
1536244771.098, 0
1536244772.098, 0
1536244773.099, 0
1536244774.099, 0
1536244775.084, 0
1536244776.099, 0
1536244777.078, 0
1536244778.099, 0
1536244779.080, 0
1536244780.101, 0
1536244781.102, 0
1536244782.099, 0
1536244783.101, 0
1536244784.118, 0
1536244785.084, 0
1536244786.093, 0
1536244787.077, 0
1536244788.099, 0
1536244789.086, 0
1536244790.083, 0
1536244791.098, 0
1536244792.084, 0
1536244793.098, 0
1536244794.098, 0
1536244795.096, 0
1536244796.098, 0
1536244797.082, 0
1536244798.086, 0
1536244799.081, 0
1536244800.087, 0
1536244801.103, 0
1536244802.086, 0
1536244803.096, 0
1536244804.080, 0
1536244805.095, 0
1536244806.101, 0
1536244807.079, 0
1536244808.102, 0
1536244809.078, 0
1536244810.093, 0
1536244811.099, 0
1536244812.087, 0
1536244813.099, 0
1536244814.088, 0
1536244815.093, 0
1536244816.087, 0
1536244817.076, 0
1536244818.098, 0
1536244819.087, 0
1536244820.099, 0
1536244821.086, 0
1536244822.084, 0
1536244823.095, 0
1536244824.086, 0
1536244825.099, 0
1536244826.078, 0
1536244827.082, 0
1536244828.087, 0
1536244829.084, 0
1536244830.098, 0
1536244831.086, 0
1536244832.103, 0
1536244833.094, 0
1536244834.081, 0
1536244835.101, 0
1536244836.082, 0
1536244837.098, 0
1536244838.088, 0
1536244839.082, 0
1536244840.115, 0
1536244841.080, 0
1536244842.099, 0
1536244843.103, 0
1536244844.087, 0
1536244845.098, 0
1536244846.079, 0
1536244847.098, 0
1536244848.079, 0
1536244849.080, 0
1536244850.083, 0
1536244851.100, 0
1536244852.116, 0
1536244853.100, 0
1536244854.085, 0
1536244855.099, 0
1536244856.084, 0
1536244857.114, 0
1536244858.085, 0
1536244859.081, 0
1536244860.082, 0
1536244861.087, 0
1536244862.102, 0
1536244863.079, 0
1536244864.100, 0
1536244865.084, 0
1536244866.099, 0
1536244867.115, 0
1536244868.099, 0
1536244869.082, 0
1536244870.086, 0
1536244871.099, 0
1536244872.113, 0
1536244873.082, 0
1536244874.103, 0
1536244875.084, 0
1536244876.093, 0
1536244877.084, 0
1536244878.084, 0
1536244879.096, 0
1536244880.082, 0
1536244881.093, 0
1536244882.095, 0
1536244883.102, 0
1536244884.115, 0
1536244885.073, 0
1536244886.095, 0
1536244887.070, 0
1536244888.083, 0
1536244889.085, 0
1536244890.075, 0
1536244891.087, 0
1536244892.079, 0
1536244893.099, 0
1536244894.093, 0
1536244895.083, 0
1536244896.095, 0
1536244897.079, 0
1536244898.098, 0
1536244899.086, 0
1536244900.085, 0
1536244901.084, 0
1536244902.078, 0
1536244903.085, 0
1536244904.101, 0
1536244905.099, 0
1536244906.093, 0
1536244907.086, 0
1536244908.095, 0
1536244909.083, 0
1536244910.087, 0
1536244911.093, 0
1536244912.088, 0
1536244913.115, 0
1536244914.101, 0
1536244915.093, 0
1536244916.101, 0
1536244917.084, 0
1536244918.098, 0
1536244919.079, 0
1536244920.099, 0
1536244921.085, 0
1536244922.080, 0
1536244923.100, 0
1536244924.099, 0
1536244925.102, 0
1536244926.098, 0
1536244927.081, 0
1536244928.110, 0
1536244929.082, 0
1536244930.082, 0
1536244931.086, 0
1536244932.098, 0
1536244933.098, 0
1536244934.081, 0
1536244935.087, 0
1536244936.068, 0
1536244937.101, 0
1536244938.100, 0
1536244939.095, 0
1536244940.084, 0
1536244941.080, 0
1536244942.085, 0
1536244943.117, 0
1536244944.098, 0
1536244945.094, 0
1536244946.073, 0
1536244947.086, 0
1536244948.071, 0
1536244949.078, 0
1536244950.096, 0
1536244951.082, 0
1536244952.084, 0
1536244953.103, 0
1536244954.100, 0
1536244955.101, 0
1536244956.078, 0
1536244957.096, 0
1536244958.079, 0
1536244959.085, 0
1536244960.068, 0
1536244961.078, 0
1536244962.100, 0
1536244963.079, 0
1536244964.084, 0
1536244965.099, 0
1536244966.086, 0
1536244967.100, 0
1536244968.078, 0
1536244969.102, 0
1536244970.088, 0
1536244971.084, 0
1536244972.100, 0
1536244973.078, 0
1536244974.102, 0
1536244975.097, 0
1536244976.099, 0
1536244977.099, 0
1536244978.081, 0
1536244979.099, 0
1536244980.101, 0
1536244981.082, 0
1536244982.096, 0
1536244983.079, 0
1536244984.094, 0
1536244985.069, 0
1536244986.111, 0
1536244987.095, 0
1536244988.082, 0
1536244989.098, 0
1536244990.081, 0
1536244991.086, 0
1536244992.080, 0
1536244993.082, 0
1536244994.086, 0
1536244995.083, 0
1536244996.099, 0
1536244997.070, 0
1536244998.084, 0
1536244999.114, 0
1536245000.080, 0
1536245001.085, 0
1536245002.072, 0
1536245003.079, 0
1536245004.101, 0
1536245005.083, 0
1536245006.085, 0
1536245007.079, 0
1536245008.085, 0
1536245009.068, 0
1536245010.099, 0
1536245011.084, 0
1536245012.111, 0
1536245013.079, 0
1536245014.103, 0
1536245015.079, 0
1536245016.111, 0
1536245017.079, 0
1536245018.101, 0
1536245019.069, 0
1536245020.082, 0
1536245021.073, 0
1536245022.086, 0
1536245023.099, 0
1536245024.099, 0
1536245025.085, 0
1536245026.094, 0
1536245027.084, 0
1536245028.093, 0
1536245029.085, 0
1536245030.080, 0
1536245031.087, 0
1536245032.080, 0
1536245033.085, 0
1536245034.085, 0
1536245035.100, 0
1536245036.099, 0
1536245037.081, 0
1536245038.098, 0
1536245039.073, 0
1536245040.085, 0
1536245041.070, 0
1536245042.102, 0
1536245043.085, 0
1536245044.116, 0
1536245045.085, 0
1536245046.111, 0
1536245047.083, 0
1536245048.095, 0
1536245049.079, 0
1536245050.098, 0
1536245051.082, 0
1536245052.087, 0
1536245053.102, 0
1536245054.079, 0
1536245055.093, 0
1536245056.066, 0
1536245057.099, 0
1536245058.102, 0
1536245059.084, 0
1536245060.099, 0
1536245061.087, 0
1536245062.082, 0
1536245063.083, 0
1536245064.079, 0
1536245065.103, 0
1536245066.085, 0
1536245067.093, 0
1536245068.098, 0
1536245069.073, 0
1536245070.093, 0
1536245071.084, 0
1536245072.101, 0
1536245073.086, 0
1536245074.079, 0
1536245075.099, 0
1536245076.118, 0
1536245077.100, 0
1536245078.086, 0
1536245079.093, 0
1536245080.067, 0
1536245081.080, 0
1536245082.086, 0
1536245083.097, 0
1536245084.081, 0
1536245085.096, 0
1536245086.080, 0
1536245087.116, 0
1536245088.083, 0
1536245089.094, 0
1536245090.069, 0
1536245091.084, 0
1536245092.066, 0
1536245093.080, 0
1536245094.085, 0
1536245095.093, 0
1536245096.099, 0
1536245097.096, 0
1536245098.094, 0
1536245099.094, 0
1536245100.072, 0
1536245101.086, 0
1536245102.070, 0
1536245103.079, 0
1536245104.098, 0
1536245105.081, 0
1536245106.100, 0
1536245107.093, 0
1536245108.111, 0
1536245109.094, 0
1536245110.084, 0
1536245111.094, 0
1536245112.068, 0
1536245113.096, 0
1536245114.093, 0
1536245115.087, 0
1536245116.100, 0
1536245117.067, 0
1536245118.098, 0
1536245119.093, 0
1536245120.087, 0
1536245121.100, 0
1536245122.087, 0
1536245123.083, 0
1536245124.087, 0
1536245125.079, 0
1536245126.100, 0
1536245127.068, 0
1536245128.094, 0
1536245129.066, 0
1536245130.081, 0
1536245131.097, 0
1536245132.087, 0
1536245133.078, 0
1536245134.080, 0
1536245135.078, 0
1536245136.093, 0
1536245137.081, 0
1536245138.085, 0
1536245139.082, 0
1536245140.084, 0
1536245141.099, 0
1536245142.079, 0
1536245143.095, 0
1536245144.073, 0
1536245145.082, 0
1536245146.095, 0
1536245147.078, 0
1536245148.098, 0
1536245149.085, 0
1536245150.097, 0
1536245151.085, 0
1536245152.080, 0
1536245153.083, 0
1536245154.082, 0
1536245155.083, 0
1536245156.101, 0
1536245157.083, 0
1536245158.115, 0
1536245159.085, 0
1536245160.118, 0
1536245161.083, 0
1536245162.085, 0
1536245163.071, 0
1536245164.087, 0
1536245165.085, 0
1536245166.094, 0
1536245167.083, 0
1536245168.100, 0
1536245169.088, 0
1536245170.098, 0
1536245171.085, 0
1536245172.112, 0
1536245173.078, 0
1536245174.082, 0
1536245175.098, 0
1536245176.088, 0
1536245177.098, 0
1536245178.099, 0
1536245179.080, 0
1536245180.099, 0
1536245181.086, 0
1536245182.081, 0
1536245183.084, 0
1536245184.102, 0
1536245185.094, 0
1536245186.102, 0
1536245187.086, 0
1536245188.070, 0
1536245189.099, 0
1536245190.115, 0
1536245191.075, 0
1536245192.096, 0
1536245193.079, 0
1536245194.077, 0
1536245195.094, 0
1536245196.077, 0
1536245197.089, 0
1536245198.083, 0
1536245199.086, 0
1536245200.085, 0
1536245201.086, 0
1536245202.099, 0
1536245203.081, 0
1536245204.114, 0
1536245205.071, 0
1536245206.086, 0
1536245207.100, 0
1536245208.085, 0
1536245209.094, 0
1536245210.073, 0
1536245211.084, 0
1536245212.080, 0
1536245213.078, 0
1536245214.096, 0
1536245215.087, 0
1536245216.097, 0
1536245217.099, 0
1536245218.084, 0
1536245219.101, 0
1536245220.087, 0
1536245221.101, 0
1536245222.085, 0
1536245223.076, 0
1536245224.101, 0
1536245225.087, 0
1536245226.082, 0
1536245227.100, 0
1536245228.082, 0
1536245229.099, 0
1536245230.071, 0
1536245231.101, 0
1536245232.086, 0
1536245233.085, 0
1536245234.066, 0
1536245235.085, 0
1536245236.113, 0
1536245237.084, 0
1536245238.083, 0
1536245239.093, 0
1536245240.084, 0
1536245241.103, 0
1536245242.087, 0
1536245243.087, 0
1536245244.071, 0
1536245245.082, 0
1536245246.100, 0
1536245247.081, 0
1536245248.100, 0
1536245249.070, 0
1536245250.087, 0
1536245251.097, 0
1536245252.079, 0
1536245253.087, 0
1536245254.078, 0
1536245255.077, 0
1536245256.095, 0
1536245257.095, 0
1536245258.097, 0
1536245259.078, 0
1536245260.098, 0
1536245261.069, 0
1536245262.084, 0
1536245263.115, 0
1536245264.086, 0
1536245265.082, 0
1536245266.099, 0
1536245267.085, 0
1536245268.109, 0
1536245269.068, 0
1536245270.099, 0
1536245271.068, 0
1536245272.098, 0
1536245273.066, 0
1536245274.085, 0
1536245275.078, 0
1536245276.080, 0
1536245277.087, 0
1536245278.097, 0
1536245279.079, 0
1536245280.102, 0
1536245281.067, 0
1536245282.080, 0
1536245283.086, 0
1536245284.083, 0
1536245285.082, 0
1536245286.081, 0
1536245287.093, 0
1536245288.093, 0
1536245289.078, 0
1536245290.095, 0
1536245291.083, 0
1536245292.086, 0
1536245293.086, 0
1536245294.079, 0
1536245295.099, 0
1536245296.081, 0
1536245297.099, 0
1536245298.098, 0
1536245299.085, 0
1536245300.108, 0
1536245301.079, 0
1536245302.097, 0
1536245303.072, 0
1536245304.084, 0
1536245305.068, 0
1536245306.080, 0
1536245307.083, 0
1536245308.080, 0
1536245309.086, 0
1536245310.103, 0
1536245311.085, 0
1536245312.100, 0
1536245313.099, 0
1536245314.082, 0
1536245315.099, 0
1536245316.087, 0
1536245317.098, 0
1536245318.085, 0
1536245319.099, 0
1536245320.073, 0
1536245321.098, 0
1536245322.098, 0
1536245323.086, 0
1536245324.098, 0
1536245325.087, 0
1536245326.078, 0
1536245327.086, 0
1536245328.083, 0
1536245329.098, 0
1536245330.069, 0
1536245331.082, 0
1536245332.067, 0
1536245333.073, 0
1536245334.108, 0
1536245335.072, 0
1536245336.082, 0
1536245337.088, 0
1536245338.079, 0
1536245339.094, 0
1536245340.068, 0
1536245341.086, 0
1536245342.071, 0
1536245343.100, 0
1536245344.067, 0
1536245345.103, 0
1536245346.087, 0
1536245347.080, 0
1536245348.077, 0
1536245349.118, 0
1536245350.080, 0
1536245351.098, 0
1536245352.073, 0
1536245353.085, 0
1536245354.072, 0
1536245355.087, 0
1536245356.082, 0
1536245357.078, 0
1536245358.085, 0
1536245359.103, 0
1536245360.097, 0
1536245361.100, 0
1536245362.088, 0
1536245363.094, 0
1536245364.078, 0
1536245365.088, 0
1536245366.101, 0
1536245367.086, 0
1536245368.082, 0
1536245369.088, 0
1536245370.081, 0
1536245371.098, 0
1536245372.087, 0
1536245373.101, 0
1536245374.083, 0
1536245375.099, 0
1536245376.088, 0
1536245377.080, 0
1536245378.100, 0
1536245379.084, 0
1536245380.086, 0
1536245381.065, 0
1536245382.081, 0
1536245383.097, 0
1536245384.078, 0
1536245385.083, 0
1536245386.088, 0
1536245387.080, 0
1536245388.094, 0
1536245389.082, 0
1536245390.097, 0
1536245391.065, 0
1536245392.098, 0
1536245393.066, 0
1536245394.073, 0
1536245395.084, 0
1536245396.085, 0
1536245397.086, 0
1536245398.093, 26
1536245399.077, 0
1536245400.087, 0
1536245401.102, 0
1536245402.084, 0
1536245403.071, 0
1536245404.079, 0
1536245405.083, 0
1536245406.085, 0
1536245407.083, 0
1536245408.100, 0
1536245409.085, 0
1536245410.095, 0
1536245411.086, 0
1536245412.093, 0
1536245413.067, 0
1536245414.084, 0
1536245415.070, 0
1536245416.100, 0
1536245417.081, 0
1536245418.079, 0
1536245419.086, 0
1536245420.113, 0
1536245421.077, 0
1536245422.100, 0
1536245423.069, 0
1536245424.082, 0
1536245425.068, 0
1536245426.082, 0
1536245427.082, 0
1536245428.078, 0
1536245429.081, 0
1536245430.093, 0
1536245431.102, 0
1536245432.096, 0
1536245433.072, 0
1536245434.093, 0
1536245435.088, 0
1536245436.077, 0
1536245437.087, 0
1536245438.084, 0
1536245439.097, 0
1536245440.073, 0
1536245441.097, 0
1536245442.095, 0
1536245443.071, 0
1536245444.095, 0
1536245445.070, 0
1536245446.096, 0
1536245447.084, 0
1536245448.080, 0
1536245449.098, 0
1536245450.078, 0
1536245451.086, 0
1536245452.084, 0
1536245453.084, 0
1536245454.094, 0
1536245455.078, 0
1536245456.077, 0
1536245457.081, 0
1536245458.078, 0
1536245459.084, 0
1536245460.087, 0
1536245461.098, 0
1536245462.066, 0
1536245463.110, 0
1536245464.073, 0
1536245465.086, 0
1536245466.078, 0
1536245467.085, 0
1536245468.083, 0
1536245469.098, 0
1536245470.077, 0
1536245471.093, 0
1536245472.100, 0
1536245473.100, 0
1536245474.068, 0
1536245475.083, 0
1536245476.066, 0
1536245477.084, 0
1536245478.080, 0
1536245479.096, 0
1536245480.081, 0
1536245481.094, 0
1536245482.070, 0
1536245483.101, 0
1536245484.088, 0
1536245485.084, 0
1536245486.065, 0
1536245487.086, 0
1536245488.098, 0
1536245489.097, 0
1536245490.080, 0
1536245491.117, 0
1536245492.078, 0
1536245493.109, 0
1536245494.084, 0
1536245495.087, 0
1536245496.070, 0
1536245497.079, 0
1536245498.085, 0
1536245499.081, 0
1536245500.084, 0
1536245501.086, 0
1536245502.098, 0
1536245503.099, 0
1536245504.067, 0
1536245505.093, 0
1536245506.073, 0
1536245507.086, 0
1536245508.103, 0
1536245509.078, 0
1536245510.094, 0
1536245511.072, 0
1536245512.084, 0
1536245513.078, 0
1536245514.078, 0
1536245515.102, 0
1536245516.069, 0
1536245517.095, 0
1536245518.079, 0
1536245519.100, 0
1536245520.099, 0
1536245521.086, 0
1536245522.081, 0
1536245523.069, 0
1536245524.085, 0
1536245525.069, 0
1536245526.086, 0
1536245527.078, 0
1536245528.086, 0
1536245529.082, 0
1536245530.086, 0
1536245531.084, 0
1536245532.099, 0
1536245533.079, 0
1536245534.099, 0
1536245535.073, 0
1536245536.072, 0
1536245537.081, 0
1536245538.084, 0
1536245539.078, 0
1536245540.098, 0
1536245541.086, 0
1536245542.086, 0
1536245543.086, 0
1536245544.083, 0
1536245545.095, 0
1536245546.083, 0
1536245547.068, 0
1536245548.079, 0
1536245549.116, 0
1536245550.103, 0
1536245551.086, 0
1536245552.096, 0
1536245553.070, 0
1536245554.086, 0
1536245555.067, 0
1536245556.086, 0
1536245557.064, 0
1536245558.084, 0
1536245559.082, 0
1536245560.099, 0
1536245561.085, 0
1536245562.093, 0
1536245563.084, 0
1536245564.101, 0
1536245565.088, 0
1536245566.079, 0
1536245567.073, 0
1536245568.084, 0
1536245569.102, 0
1536245570.085, 0
1536245571.082, 0
1536245572.068, 0
1536245573.082, 0
1536245574.101, 0
1536245575.099, 0
1536245576.099, 0
1536245577.068, 0
1536245578.079, 0
1536245579.111, 0
1536245580.082, 0
1536245581.099, 0
1536245582.072, 0
1536245583.082, 0
1536245584.071, 0
1536245585.085, 0
1536245586.099, 0
1536245587.072, 0
1536245588.098, 0
1536245589.088, 0
1536245590.099, 0
1536245591.085, 0
1536245592.078, 0
1536245593.100, 0
1536245594.069, 0
1536245595.071, 0
1536245596.068, 0
1536245597.085, 0
1536245598.083, 0
1536245599.084, 0
1536245600.077, 0
1536245601.095, 0
1536245602.083, 0
1536245603.087, 0
1536245604.083, 0
1536245605.098, 0
1536245606.068, 0
1536245607.078, 0
1536245608.083, 0
1536245609.082, 0
1536245610.084, 0
1536245611.098, 0
1536245612.082, 0
1536245613.097, 0
1536245614.069, 0
1536245615.093, 0
1536245616.083, 0
1536245617.078, 0
1536245618.071, 0
1536245619.084, 0
1536245620.114, 0
1536245621.080, 0
1536245622.085, 0
1536245623.102, 0
1536245624.069, 0
1536245625.098, 0
1536245626.067, 0
1536245627.082, 0
1536245628.066, 0
1536245629.080, 0
1536245630.080, 0
1536245631.087, 0
1536245632.099, 0
1536245633.066, 0
1536245634.081, 0
1536245635.096, 0
1536245636.083, 0
1536245637.080, 0
1536245638.068, 0
1536245639.084, 0
1536245640.098, 0
1536245641.081, 0
1536245642.099, 0
1536245643.069, 0
1536245644.083, 0
1536245645.063, 0
1536245646.085, 0
1536245647.097, 0
1536245648.085, 0
1536245649.087, 0
1536245650.098, 0
1536245651.079, 0
1536245652.086, 0
1536245653.070, 0
1536245654.084, 0
1536245655.073, 0
1536245656.085, 0
1536245657.071, 0
1536245658.080, 0
1536245659.078, 0
1536245660.069, 0
1536245661.087, 0
1536245662.099, 0
1536245663.096, 0
1536245664.083, 0
1536245665.072, 0
1536245666.084, 0
1536245667.070, 0
1536245668.087, 0
1536245669.078, 0
1536245670.071, 0
1536245671.082, 0
1536245672.100, 0
1536245673.088, 0
1536245674.099, 0
1536245675.085, 0
1536245676.099, 0
1536245677.066, 0
1536245678.079, 0
1536245679.080, 0
1536245680.079, 0
1536245681.079, 0
1536245682.096, 0
1536245683.083, 0
1536245684.132, 0
1536245685.073, 0
1536245686.093, 0
1536245687.084, 0
1536245688.082, 0
1536245689.087, 0
1536245690.081, 0
1536245691.095, 0
1536245692.070, 0
1536245693.115, 0
1536245694.099, 0
1536245695.073, 0
1536245696.097, 0
1536245697.073, 0
1536245698.086, 0
1536245699.072, 0
1536245700.071, 0
1536245701.082, 0
1536245702.082, 0
1536245703.085, 0
1536245704.103, 0
1536245705.085, 0
1536245706.097, 0
1536245707.078, 0
1536245708.086, 0
1536245709.071, 0
1536245710.086, 0
1536245711.101, 0
1536245712.079, 0
1536245713.083, 0
1536245714.070, 0
1536245715.098, 0
1536245716.069, 0
1536245717.084, 0
1536245718.101, 0
1536245719.085, 0
1536245720.079, 0
1536245721.102, 0
1536245722.086, 0
1536245723.099, 0
1536245724.084, 0
1536245725.081, 0
1536245726.068, 0
1536245727.070, 0
1536245728.065, 0
1536245729.069, 0
1536245730.082, 0
1536245731.084, 0
1536245732.082, 0
1536245733.098, 0
1536245734.093, 0
1536245735.099, 0
1536245736.066, 0
1536245737.078, 0
1536245738.064, 0
1536245739.072, 0
1536245740.078, 0
1536245741.087, 0
1536245742.077, 0
1536245743.087, 0
1536245744.077, 0
1536245745.088, 0
1536245746.085, 0
1536245747.098, 0
1536245748.070, 0
1536245749.100, 0
1536245750.084, 0
1536245751.078, 0
1536245752.082, 0
1536245753.071, 0
1536245754.085, 0
1536245755.099, 0
1536245756.074, 0
1536245757.087, 0
1536245758.068, 0
1536245759.087, 0
1536245760.085, 0
1536245761.079, 0
1536245762.081, 0
1536245763.083, 0
1536245764.103, 0
1536245765.063, 0
1536245766.088, 0
1536245767.101, 0
1536245768.087, 0
1536245769.083, 0
1536245770.066, 0
1536245771.087, 0
1536245772.102, 0
1536245773.078, 0
1536245774.080, 0
1536245775.085, 0
1536245776.084, 0
1536245777.064, 0
1536245778.085, 0
1536245779.093, 0
1536245780.066, 0
1536245781.081, 0
1536245782.084, 0
1536245783.083, 0
1536245784.099, 0
1536245785.066, 0
1536245786.080, 0
1536245787.064, 0
1536245788.085, 0
1536245789.086, 0
1536245790.081, 0
1536245791.077, 0
1536245792.098, 0
1536245793.080, 0
1536245794.100, 0
1536245795.070, 0
1536245796.086, 0
1536245797.068, 0
1536245798.079, 0
1536245799.063, 0
1536245800.079, 0
1536245801.084, 0
1536245802.071, 0
1536245803.083, 0
1536245804.096, 0
1536245805.082, 0
1536245806.084, 0
1536245807.072, 0
1536245808.086, 0
1536245809.064, 0
1536245810.084, 0
1536245811.081, 0
1536245812.071, 0
1536245813.078, 0
1536245814.100, 0
1536245815.084, 0
1536245816.102, 0
1536245817.070, 0
1536245818.083, 0
1536245819.066, 0
1536245820.086, 0
1536245821.081, 0
1536245822.086, 0
1536245823.079, 0
1536245824.065, 0
1536245825.080, 0
1536245826.111, 0
1536245827.068, 0
1536245828.093, 0
1536245829.072, 0
1536245830.080, 0
1536245831.069, 0
1536245832.079, 0
1536245833.099, 0
1536245834.087, 0
1536245835.100, 0
1536245836.069, 0
1536245837.085, 0
1536245838.099, 0
1536245839.087, 0
1536245840.082, 0
1536245841.083, 0
1536245842.079, 0
1536245843.085, 0
1536245844.072, 0
1536245845.083, 0
1536245846.071, 0
1536245847.080, 0
1536245848.084, 0
1536245849.069, 0
1536245850.098, 0
1536245851.083, 0
1536245852.078, 0
1536245853.083, 0
1536245854.083, 0
1536245855.087, 0
1536245856.071, 0
1536245857.086, 0
1536245858.070, 0
1536245859.078, 0
1536245860.065, 0
1536245861.080, 0
1536245862.084, 0
1536245863.101, 0
1536245864.087, 0
1536245865.103, 0
1536245866.066, 0
1536245867.117, 0
1536245868.070, 0
1536245869.079, 0
1536245870.072, 0
1536245871.085, 0
1536245872.083, 0
1536245873.068, 0
1536245874.081, 0
1536245875.102, 0
1536245876.084, 0
1536245877.085, 0
1536245878.084, 0
1536245879.084, 0
1536245880.063, 0
1536245881.086, 0
1536245882.101, 0
1536245883.087, 0
1536245884.080, 0
1536245885.099, 0
1536245886.082, 0
1536245887.094, 0
1536245888.071, 0
1536245889.100, 0
1536245890.066, 0
1536245891.078, 0
1536245892.085, 0
1536245893.103, 0
1536245894.086, 0
1536245895.069, 0
1536245896.079, 0
1536245897.062, 0
1536245898.085, 0
1536245899.094, 0
1536245900.067, 0
1536245901.083, 0
1536245902.070, 0
1536245903.078, 0
1536245904.088, 0
1536245905.072, 0
1536245906.086, 0
1536245907.062, 0
1536245908.100, 0
1536245909.063, 0
1536245910.082, 0
1536245911.083, 0
1536245912.068, 0
1536245913.087, 0
1536245914.082, 0
1536245915.084, 0
1536245916.079, 0
1536245917.081, 0
1536245918.081, 0
1536245919.083, 0
1536245920.069, 0
1536245921.085, 0
1536245922.069, 0
1536245923.097, 0
1536245924.100, 0
1536245925.086, 0
1536245926.102, 0
1536245927.064, 0
1536245928.100, 0
1536245929.069, 0
1536245930.083, 0
1536245931.068, 0
1536245932.067, 0
1536245933.079, 0
1536245934.093, 0
1536245935.080, 0
1536245936.098, 0
1536245937.084, 0
1536245938.099, 0
1536245939.063, 0
1536245940.078, 0
1536245941.063, 0
1536245942.083, 0
1536245943.098, 0
1536245944.071, 0
1536245945.078, 0
1536245946.094, 0
1536245947.080, 0
1536245948.098, 0
1536245949.099, 0
1536245950.078, 0
1536245951.064, 0
1536245952.079, 0
1536245953.094, 0
1536245954.079, 0
1536245955.077, 0
1536245956.070, 0
1536245957.082, 0
1536245958.093, 0
1536245959.064, 0
1536245960.086, 0
1536245961.068, 0
1536245962.078, 0
1536245963.101, 0
1536245964.086, 0
1536245965.079, 0
1536245966.068, 0
1536245967.082, 0
1536245968.071, 0
1536245969.069, 0
1536245970.114, 0
1536245971.065, 0
1536245972.082, 0
1536245973.068, 0
1536245974.082, 0
1536245975.085, 0
1536245976.080, 0
1536245977.080, 0
1536245978.066, 0
1536245979.082, 0
1536245980.070, 0
1536245981.099, 0
1536245982.080, 0
1536245983.086, 0
1536245984.078, 0
1536245985.087, 0
1536245986.077, 0
1536245987.101, 0
1536245988.067, 0
1536245989.080, 0
1536245990.086, 0
1536245991.069, 0
1536245992.085, 0
1536245993.069, 0
1536245994.103, 0
1536245995.087, 0
1536245996.100, 0
1536245997.085, 0
1536245998.071, 0
1536245999.080, 0
1536246000.070, 0
1536246001.079, 0
1536246002.064, 0
1536246003.070, 0
1536246004.083, 0
1536246005.072, 0
1536246006.085, 0
1536246007.093, 0
1536246008.068, 0
1536246009.093, 0
1536246010.071, 0
1536246011.083, 0
1536246012.062, 0
1536246013.098, 0
1536246014.083, 0
1536246015.078, 0
1536246016.082, 0
1536246017.067, 0
1536246018.084, 0
1536246019.100, 0
1536246020.086, 0
1536246021.079, 0
1536246022.083, 0
1536246023.082, 0
1536246024.102, 0
1536246025.078, 0
1536246026.100, 0
1536246027.068, 0
1536246028.082, 0
1536246029.068, 0
1536246030.068, 0
1536246031.098, 0
1536246032.067, 0
1536246033.080, 0
1536246034.084, 0
1536246035.080, 0
1536246036.079, 0
1536246037.063, 0
1536246038.081, 0
1536246039.066, 0
1536246040.083, 0
1536246041.067, 0
1536246042.068, 0
1536246043.077, 0
1536246044.067, 0
1536246045.098, 0
1536246046.087, 0
1536246047.084, 0
1536246048.086, 0
1536246049.071, 0
1536246050.082, 0
1536246051.067, 0
1536246052.103, 0
1536246053.084, 0
1536246054.070, 0
1536246055.086, 0
1536246056.117, 0
1536246057.080, 0
1536246058.099, 0
1536246059.068, 0
1536246060.086, 0
1536246061.072, 0
1536246062.070, 0
1536246063.084, 0
1536246064.079, 0
1536246065.085, 0
1536246066.101, 0
1536246067.093, 0
1536246068.093, 0
1536246069.067, 0
1536246070.093, 0
1536246071.065, 0
1536246072.082, 0
1536246073.063, 0
1536246074.070, 0
1536246075.080, 0
1536246076.069, 0
1536246077.094, 0
1536246078.100, 0
1536246079.068, 0
1536246080.103, 0
1536246081.068, 0
1536246082.101, 0
1536246083.066, 0
1536246084.078, 0
1536246085.097, 0
1536246086.085, 0
1536246087.078, 0
1536246088.069, 0
1536246089.083, 0
1536246090.103, 0
1536246091.071, 0
1536246092.082, 0
1536246093.078, 0
1536246094.084, 0
1536246095.099, 0
1536246096.078, 0
1536246097.103, 0
1536246098.071, 0
1536246099.079, 0
1536246100.067, 0
1536246101.072, 0
1536246102.098, 0
1536246103.071, 0
1536246104.077, 0
1536246105.093, 0
1536246106.077, 0
1536246107.082, 0
1536246108.080, 0
1536246109.084, 0
1536246110.062, 0
1536246111.086, 0
1536246112.071, 0
1536246113.069, 0
1536246114.084, 0
1536246115.071, 0
1536246116.077, 0
1536246117.100, 0
1536246118.079, 0
1536246119.081, 0
1536246120.064, 0
1536246121.087, 0
1536246122.070, 0
1536246123.084, 0
1536246124.085, 0
1536246125.067, 0
1536246126.082, 0
1536246127.103, 0
1536246128.084, 0
1536246129.100, 0
1536246130.066, 0
1536246131.080, 0
1536246132.064, 0
1536246133.070, 0
1536246134.082, 0
1536246135.084, 0
1536246136.083, 0
1536246137.060, 0
1536246138.100, 0
1536246139.100, 0
1536246140.084, 0
1536246141.101, 0
1536246142.066, 0
1536246143.081, 0
1536246144.067, 0
1536246145.083, 0
1536246146.085, 0
1536246147.082, 0
1536246148.077, 0
1536246149.087, 0
1536246150.084, 0
1536246151.098, 0
1536246152.069, 0
1536246153.100, 0
1536246154.062, 0
1536246155.069, 0
1536246156.083, 0
1536246157.070, 0
1536246158.081, 0
1536246159.071, 0
1536246160.085, 0
1536246161.070, 0
1536246162.066, 0
1536246163.086, 0
1536246164.083, 0
1536246165.086, 0
1536246166.099, 0
1536246167.084, 0
1536246168.096, 0
1536246169.065, 0
1536246170.094, 0
1536246171.069, 0
1536246172.068, 0
1536246173.102, 0
1536246174.084, 0
1536246175.082, 0
1536246176.100, 0
1536246177.085, 0
1536246178.099, 0
1536246179.087, 0
1536246180.080, 0
1536246181.086, 0
1536246182.071, 0
1536246183.072, 0
1536246184.082, 0
1536246185.079, 0
1536246186.066, 0
1536246187.080, 0
1536246188.086, 0
1536246189.080, 0
1536246190.097, 0
1536246191.063, 0
1536246192.070, 0
1536246193.072, 0
1536246194.080, 0
1536246195.085, 0
1536246196.081, 0
1536246197.081, 0
1536246198.097, 0
1536246199.083, 0
1536246200.097, 0
1536246201.071, 0
1536246202.084, 0
1536246203.069, 0
1536246204.079, 0
1536246205.086, 0
1536246206.069, 0
1536246207.088, 0
1536246208.071, 0
1536246209.077, 0
1536246210.095, 0
1536246211.063, 0
1536246212.084, 0
1536246213.063, 0
1536246214.078, 0
1536246215.067, 0
1536246216.068, 0
1536246217.078, 0
1536246218.071, 0
1536246219.077, 0
1536246220.071, 0
1536246221.070, 0
1536246222.099, 0
1536246223.064, 0
1536246224.080, 0
1536246225.067, 0
1536246226.093, 0
1536246227.084, 0
1536246228.085, 0
1536246229.078, 0
1536246230.064, 0
1536246231.083, 0
1536246232.070, 0
1536246233.066, 0
1536246234.071, 0
1536246235.069, 0
1536246236.083, 0
1536246237.099, 0
1536246238.070, 0
1536246239.080, 0
1536246240.066, 0
1536246241.099, 0
1536246242.066, 0
1536246243.069, 0
1536246244.059, 0
1536246245.071, 0
1536246246.078, 0
1536246247.083, 0
1536246248.082, 0
1536246249.098, 0
1536246250.071, 0
1536246251.086, 0
1536246252.081, 0
1536246253.078, 0
1536246254.064, 0
1536246255.071, 0
1536246256.093, 0
1536246257.085, 0
1536246258.087, 0
1536246259.082, 0
1536246260.078, 0
1536246261.086, 0
1536246262.068, 0
1536246263.083, 0
1536246264.072, 0
1536246265.068, 0
1536246266.079, 0
1536246267.080, 0
1536246268.087, 0
1536246269.062, 0
1536246270.085, 0
1536246271.101, 0
1536246272.069, 0
1536246273.109, 0
1536246274.063, 0
1536246275.084, 0
1536246276.081, 0
1536246277.087, 0
1536246278.077, 0
1536246279.059, 0
1536246280.081, 0
1536246281.064, 0
1536246282.085, 0
1536246283.100, 0
1536246284.067, 0
1536246285.080, 0
1536246286.067, 0
1536246287.070, 0
1536246288.077, 0
1536246289.083, 0
1536246290.081, 0
1536246291.056, 0
1536246292.071, 0
1536246293.068, 0
1536246294.084, 0
1536246295.078, 0
1536246296.063, 0
1536246297.099, 0
1536246298.084, 0
1536246299.082, 0
1536246300.077, 0
1536246301.062, 0
1536246302.081, 0
1536246303.067, 0
1536246304.072, 0
1536246305.085, 0
1536246306.069, 0
1536246307.084, 0
1536246308.085, 0
1536246309.077, 0
1536246310.084, 0
1536246311.072, 0
1536246312.098, 0
1536246313.071, 0
1536246314.085, 0
1536246315.070, 0
1536246316.066, 0
1536246317.084, 0
1536246318.099, 0
1536246319.077, 0
1536246320.083, 0
1536246321.064, 0
1536246322.082, 0
1536246323.070, 0
1536246324.083, 0
1536246325.082, 0
1536246326.068, 0
1536246327.093, 0
1536246328.067, 0
1536246329.084, 0
1536246330.082, 0
1536246331.083, 0
1536246332.098, 0
1536246333.100, 0
1536246334.077, 0
1536246335.068, 0
1536246336.068, 0
1536246337.078, 0
1536246338.085, 0
1536246339.078, 0
1536246340.064, 0
1536246341.079, 0
1536246342.094, 0
1536246343.071, 0
1536246344.098, 0
1536246345.064, 0
1536246346.069, 0
1536246347.086, 0
1536246348.082, 0
1536246349.080, 0
1536246350.062, 0
1536246351.084, 0
1536246352.064, 0
1536246353.083, 0
1536246354.087, 0
1536246355.082, 0
1536246356.077, 0
1536246357.062, 0
1536246358.069, 0
1536246359.116, 0
1536246360.084, 0
1536246361.078, 0
1536246362.069, 0
1536246363.068, 0
1536246364.072, 0
1536246365.103, 0
1536246366.084, 0
1536246367.063, 0
1536246368.080, 0
1536246369.097, 0
1536246370.086, 0
1536246371.081, 0
1536246372.068, 0
1536246373.083, 0
1536246374.072, 0
1536246375.066, 0
1536246376.079, 0
1536246377.085, 0
1536246378.084, 0
1536246379.099, 0
1536246380.083, 0
1536246381.079, 0
1536246382.068, 0
1536246383.078, 0
1536246384.066, 0
1536246385.094, 0
1536246386.066, 0
1536246387.083, 0
1536246388.078, 0
1536246389.068, 0
1536246390.071, 0
1536246391.084, 0
1536246392.071, 0
1536246393.080, 0
1536246394.067, 0
1536246395.070, 0
1536246396.085, 0
1536246397.101, 0
1536246398.083, 0
1536246399.069, 0
1536246400.099, 0
1536246401.055, 0
1536246402.077, 0
1536246403.083, 0
1536246404.067, 0
1536246405.069, 0
1536246406.072, 0
1536246407.078, 0
1536246408.083, 0
1536246409.070, 0
1536246410.077, 0
1536246411.085, 0
1536246412.079, 0
1536246413.068, 0
1536246414.062, 0
1536246415.093, 0
1536246416.063, 0
1536246417.085, 0
1536246418.079, 0
1536246419.085, 0
1536246420.080, 0
1536246421.071, 0
1536246422.086, 0
1536246423.068, 0
1536246424.084, 0
1536246425.071, 0
1536246426.085, 0
1536246427.078, 0
1536246428.064, 0
1536246429.096, 0
1536246430.093, 0
1536246431.083, 0
1536246432.078, 0
1536246433.061, 0
1536246434.070, 0
1536246435.069, 0
1536246436.084, 0
1536246437.078, 0
1536246438.072, 0
1536246439.079, 0
1536246440.099, 0
1536246441.080, 0
1536246442.083, 0
1536246443.065, 0
1536246444.081, 0
1536246445.065, 0
1536246446.067, 0
1536246447.086, 0
1536246448.083, 0
1536246449.081, 0
1536246450.083, 0
1536246451.080, 0
1536246452.083, 0
1536246453.070, 0
1536246454.086, 0
1536246455.063, 0
1536246456.082, 0
1536246457.066, 0
1536246458.069, 0
1536246459.087, 0
1536246460.072, 0
1536246461.096, 0
1536246462.093, 0
1536246463.067, 0
1536246464.085, 0
1536246465.071, 0
1536246466.082, 0
1536246467.070, 0
1536246468.068, 0
1536246469.081, 0
1536246470.066, 0
1536246471.086, 0
1536246472.072, 0
1536246473.095, 0
1536246474.101, 0
1536246475.065, 0
1536246476.078, 0
1536246477.066, 0
1536246478.086, 0
1536246479.083, 0
1536246480.066, 0
1536246481.081, 0
1536246482.078, 0
1536246483.081, 0
1536246484.056, 0
1536246485.065, 0
1536246486.103, 0
1536246487.067, 0
1536246488.070, 0
1536246489.087, 0
1536246490.071, 0
1536246491.077, 0
1536246492.066, 0
1536246493.095, 0
1536246494.065, 0
1536246495.063, 0
1536246496.069, 0
1536246497.072, 0
1536246498.080, 0
1536246499.079, 0
1536246500.070, 0
1536246501.102, 0
1536246502.072, 0
1536246503.096, 0
1536246504.065, 0
1536246505.078, 0
1536246506.066, 0
1536246507.070, 0
1536246508.084, 0
1536246509.068, 0
1536246510.081, 0
1536246511.082, 0
1536246512.077, 0
1536246513.084, 0
1536246514.062, 0
1536246515.084, 0
1536246516.071, 0
1536246517.086, 0
1536246518.078, 0
1536246519.068, 0
1536246520.077, 0
1536246521.073, 0
1536246522.077, 0
1536246523.084, 0
1536246524.070, 0
1536246525.098, 0
1536246526.072, 0
1536246527.086, 0
1536246528.068, 0
1536246529.100, 0
1536246530.081, 0
1536246531.066, 0
1536246532.081, 0
1536246533.056, 0
1536246534.069, 0
1536246535.099, 0
1536246536.067, 0
1536246537.067, 0
1536246538.064, 0
1536246539.069, 0
1536246540.079, 0
1536246541.066, 0
1536246542.083, 0
1536246543.057, 0
1536246544.102, 0
1536246545.064, 0
1536246546.064, 0
1536246547.078, 0
1536246548.063, 0
1536246549.067, 0
1536246550.078, 0
1536246551.083, 0
1536246552.077, 0
1536246553.065, 0
1536246554.081, 0
1536246555.078, 0
1536246556.068, 0
1536246557.055, 0
1536246558.071, 0
1536246559.096, 0
1536246560.084, 0
1536246561.067, 0
1536246562.085, 0
1536246563.064, 0
1536246564.077, 0
1536246565.072, 0
1536246566.067, 0
1536246567.070, 0
1536246568.079, 0
1536246569.082, 0
1536246570.083, 0
1536246571.083, 0
1536246572.082, 0
1536246573.085, 0
1536246574.097, 0
1536246575.066, 0
1536246576.083, 0
1536246577.062, 0
1536246578.064, 0
1536246579.080, 0
1536246580.068, 0
1536246581.073, 0
1536246582.080, 0
1536246583.083, 0
1536246584.082, 0
1536246585.085, 0
1536246586.080, 0
1536246587.067, 0
1536246588.083, 0
1536246589.100, 0
1536246590.064, 0
1536246591.077, 0
1536246592.057, 0
1536246593.086, 0
1536246594.086, 0
1536246595.063, 0
1536246596.082, 0
1536246597.066, 0
1536246598.079, 0
1536246599.067, 0
1536246600.082, 0
1536246601.085, 0
1536246602.068, 0
1536246603.078, 0
1536246604.064, 0
1536246605.068, 0
1536246606.086, 0
1536246607.072, 0
1536246608.085, 0
1536246609.069, 0
1536246610.065, 0
1536246611.087, 0
1536246612.068, 0
1536246613.083, 0
1536246614.071, 0
1536246615.083, 0
1536246616.063, 0
1536246617.068, 0
1536246618.085, 0
1536246619.069, 0
1536246620.086, 0
1536246621.113, 0
1536246622.085, 0
1536246623.079, 0
1536246624.066, 0
1536246625.082, 0
1536246626.070, 0
1536246627.065, 0
1536246628.080, 0
1536246629.064, 0
1536246630.083, 0
1536246631.081, 0
1536246632.084, 0
1536246633.078, 0
1536246634.066, 0
1536246635.080, 0
1536246636.064, 0
1536246637.074, 0
1536246638.066, 0
1536246639.083, 0
1536246640.078, 0
1536246641.069, 0
1536246642.081, 0
1536246643.083, 0
1536246644.086, 0
1536246645.101, 0
1536246646.063, 0
1536246647.084, 0
1536246648.060, 0
1536246649.072, 0
1536246650.083, 0
1536246651.083, 0
1536246652.078, 0
1536246653.067, 0
1536246654.072, 0
1536246655.099, 0
1536246656.071, 0
1536246657.078, 0
1536246658.064, 0
1536246659.070, 0
1536246660.094, 0
1536246661.083, 0
1536246662.083, 0
1536246663.069, 0
1536246664.078, 0
1536246665.071, 0
1536246666.067, 0
1536246667.087, 0
1536246668.068, 0
1536246669.068, 0
1536246670.067, 0
1536246671.081, 0
1536246672.079, 0
1536246673.082, 0
1536246674.086, 0
1536246675.071, 0
1536246676.063, 0
1536246677.057, 0
1536246678.065, 0
1536246679.068, 0
1536246680.069, 0
1536246681.067, 0
1536246682.084, 0
1536246683.067, 0
1536246684.079, 0
1536246685.064, 0
1536246686.084, 0
1536246687.068, 0
1536246688.068, 0
1536246689.072, 0
1536246690.063, 0
1536246691.067, 0
1536246692.077, 0
1536246693.067, 0
1536246694.078, 0
1536246695.063, 0
1536246696.082, 0
1536246697.068, 0
1536246698.071, 0
1536246699.086, 0
1536246700.068, 0
1536246701.081, 0
1536246702.082, 0
1536246703.093, 0
1536246704.077, 0
1536246705.072, 0
1536246706.085, 0
1536246707.062, 0
1536246708.070, 0
1536246709.066, 0
1536246710.072, 0
1536246711.086, 0
1536246712.070, 0
1536246713.068, 0
1536246714.084, 0
1536246715.067, 0
1536246716.084, 0
1536246717.070, 0
1536246718.068, 0
1536246719.068, 0
1536246720.083, 0
1536246721.081, 0
1536246722.067, 0
1536246723.085, 0
1536246724.070, 0
1536246725.082, 0
1536246726.082, 0
1536246727.085, 0
1536246728.078, 0
1536246729.080, 0
1536246730.084, 0
1536246731.080, 0
1536246732.068, 0
1536246733.101, 0
1536246734.055, 0
1536246735.077, 0
1536246736.070, 0
1536246737.067, 0
1536246738.099, 0
1536246739.063, 0
1536246740.082, 0
1536246741.066, 0
1536246742.083, 0
1536246743.079, 0
1536246744.083, 0
1536246745.087, 0
1536246746.053, 0
1536246747.068, 0
1536246748.056, 0
1536246749.068, 0
1536246750.067, 0
1536246751.063, 0
1536246752.066, 0
1536246753.086, 0
1536246754.068, 0
1536246755.087, 0
1536246756.069, 0
1536246757.077, 0
1536246758.066, 0
1536246759.081, 0
1536246760.082, 0
1536246761.068, 0
1536246762.067, 0
1536246763.097, 0
1536246764.077, 0
1536246765.083, 0
1536246766.071, 0
1536246767.077, 0
1536246768.071, 0
1536246769.065, 0
1536246770.071, 0
1536246771.066, 0
1536246772.085, 0
1536246773.068, 0
1536246774.085, 0
1536246775.081, 0
1536246776.058, 0
1536246777.079, 0
1536246778.063, 0
1536246779.082, 0
1536246780.062, 0
1536246781.085, 0
1536246782.081, 0
1536246783.065, 0
1536246784.078, 0
1536246785.067, 0
1536246786.066, 0
1536246787.082, 0
1536246788.065, 0
1536246789.083, 0
1536246790.069, 0
1536246791.083, 0
1536246792.077, 0
1536246793.066, 0
1536246794.084, 0
1536246795.057, 0
1536246796.072, 0
1536246797.053, 0
1536246798.062, 0
1536246799.098, 0
1536246800.084, 0
1536246801.069, 0
1536246802.083, 0
1536246803.067, 0
1536246804.087, 0
1536246805.071, 0
1536246806.079, 0
1536246807.063, 0
1536246808.062, 0
1536246809.053, 0
1536246810.068, 0
1536246811.086, 0
1536246812.070, 0
1536246813.067, 0
1536246814.082, 0
1536246815.068, 0
1536246816.083, 0
1536246817.071, 0
1536246818.066, 0
1536246819.069, 0
1536246820.069, 0
1536246821.083, 0
1536246822.074, 0
1536246823.085, 0
1536246824.080, 0
1536246825.083, 0
1536246826.077, 0
1536246827.056, 0
1536246828.083, 0
1536246829.070, 0
1536246830.088, 0
1536246831.072, 0
1536246832.100, 0
1536246833.081, 0
1536246834.099, 0
1536246835.084, 0
1536246836.083, 0
1536246837.064, 0
1536246838.081, 0
1536246839.065, 0
1536246840.071, 0
1536246841.069, 0
1536246842.063, 0
1536246843.080, 0
1536246844.067, 0
1536246845.100, 0
1536246846.079, 0
1536246847.063, 0
1536246848.081, 0
1536246849.068, 0
1536246850.071, 0
1536246851.063, 0
1536246852.082, 0
1536246853.083, 0
1536246854.072, 0
1536246855.081, 0
1536246856.067, 0
1536246857.071, 0
1536246858.088, 0
1536246859.062, 0
1536246860.086, 0
1536246861.057, 0
1536246862.102, 0
1536246863.084, 0
1536246864.062, 0
1536246865.083, 0
1536246866.062, 0
1536246867.083, 0
1536246868.055, 0
1536246869.063, 0
1536246870.086, 0
1536246871.071, 0
1536246872.084, 0
1536246873.078, 0
1536246874.067, 0
1536246875.084, 0
1536246876.063, 0
1536246877.113, 0
1536246878.071, 0
1536246879.065, 0
1536246880.062, 0
1536246881.067, 0
1536246882.069, 0
1536246883.064, 0
1536246884.067, 0
1536246885.082, 0
1536246886.084, 0
1536246887.077, 0
1536246888.085, 0
1536246889.070, 0
1536246890.055, 0
1536246891.062, 0
1536246892.070, 0
1536246893.066, 0
1536246894.066, 0
1536246895.079, 0
1536246896.065, 0
1536246897.077, 0
1536246898.065, 0
1536246899.078, 0
1536246900.057, 0
1536246901.067, 0
1536246902.083, 0
1536246903.086, 0
1536246904.081, 0
1536246905.063, 0
1536246906.068, 0
1536246907.097, 0
1536246908.071, 0
1536246909.113, 0
1536246910.056, 0
1536246911.067, 0
1536246912.064, 0
1536246913.083, 0
1536246914.084, 0
1536246915.064, 0
1536246916.077, 0
1536246917.053, 0
1536246918.098, 0
1536246919.083, 0
1536246920.069, 0
1536246921.067, 0
1536246922.071, 0
1536246923.066, 0
1536246924.085, 0
1536246925.063, 0
1536246926.077, 0
1536246927.069, 0
1536246928.086, 0
1536246929.084, 0
1536246930.066, 0
1536246931.069, 0
1536246932.056, 0
1536246933.083, 0
1536246934.084, 0
1536246935.068, 0
1536246936.079, 0
1536246937.072, 0
1536246938.083, 0
1536246939.055, 0
1536246940.067, 0
1536246941.051, 0
1536246942.068, 0
1536246943.067, 0
1536246944.086, 0
1536246945.068, 0
1536246946.081, 0
1536246947.066, 0
1536246948.100, 0
1536246949.056, 0
1536246950.070, 0
1536246951.059, 0
1536246952.064, 0
1536246953.066, 0
1536246954.066, 0
1536246955.069, 0
1536246956.081, 0
1536246957.068, 0
1536246958.084, 0
1536246959.072, 0
1536246960.063, 0
1536246961.065, 0
1536246962.063, 0
1536246963.101, 0
1536246964.063, 0
1536246965.082, 0
1536246966.081, 0
1536246967.082, 0
1536246968.085, 0
1536246969.063, 0
1536246970.078, 0
1536246971.063, 0
1536246972.068, 26
1536246973.084, 0
1536246974.082, 0
1536246975.083, 0
1536246976.053, 0
1536246977.068, 0
1536246978.098, 0
1536246979.072, 0
1536246980.095, 0
1536246981.068, 0
1536246982.068, 0
1536246983.072, 0
1536246984.064, 0
1536246985.073, 0
1536246986.065, 0
1536246987.083, 0
1536246988.055, 0
1536246989.088, 0
1536246990.081, 0
1536246991.069, 0
1536246992.082, 0
1536246993.065, 0
1536246994.069, 0
1536246995.083, 0
1536246996.062, 0
1536246997.077, 0
1536246998.069, 0
1536246999.077, 0
1536247000.069, 0
1536247001.069, 0
1536247002.082, 0
1536247003.064, 0
1536247004.082, 0
1536247005.110, 0
1536247006.101, 0
1536247007.086, 0
1536247008.054, 0
1536247009.081, 0
1536247010.066, 0
1536247011.063, 0
1536247012.057, 0
1536247013.071, 0
1536247014.066, 0
1536247015.082, 0
1536247016.068, 0
1536247017.083, 0
1536247018.071, 0
1536247019.083, 0
1536247020.071, 0
1536247021.068, 0
1536247022.070, 0
1536247023.063, 0
1536247024.083, 0
1536247025.068, 0
1536247026.086, 0
1536247027.082, 0
1536247028.066, 0
1536247029.080, 0
1536247030.064, 0
1536247031.067, 0
1536247032.080, 0
1536247033.066, 0
1536247034.077, 0
1536247035.066, 0
1536247036.096, 0
1536247037.055, 0
1536247038.084, 0
1536247039.078, 0
1536247040.069, 0
1536247041.080, 0
1536247042.064, 0
1536247043.065, 0
1536247044.082, 0
1536247045.085, 0
1536247046.085, 0
1536247047.053, 0
1536247048.069, 0
1536247049.055, 0
1536247050.069, 0
1536247051.101, 0
1536247052.063, 0
1536247053.066, 0
1536247054.056, 0
1536247055.068, 0
1536247056.087, 0
1536247057.063, 0
1536247058.073, 0
1536247059.063, 0
1536247060.084, 0
1536247061.054, 0
1536247062.078, 0
1536247063.065, 0
1536247064.064, 0
1536247065.066, 0
1536247066.093, 0
1536247067.069, 0
1536247068.077, 0
1536247069.068, 0
1536247070.085, 0
1536247071.071, 0
1536247072.068, 0
1536247073.085, 0
1536247074.071, 0
1536247075.084, 0
1536247076.078, 0
1536247077.083, 0
1536247078.084, 0
1536247079.062, 0
1536247080.083, 0
1536247081.063, 0
1536247082.065, 0
1536247083.069, 0
1536247084.065, 0
1536247085.065, 0
1536247086.082, 0
1536247087.066, 0
1536247088.081, 0
1536247089.068, 0
1536247090.078, 0
1536247091.069, 0
1536247092.084, 0
1536247093.054, 0
1536247094.066, 0
1536247095.070, 0
1536247096.069, 0
1536247097.082, 0
1536247098.086, 0
1536247099.083, 0
1536247100.081, 0
1536247101.062, 0
1536247102.070, 0
1536247103.083, 0
1536247104.069, 0
1536247105.085, 0
1536247106.071, 0
1536247107.099, 0
1536247108.050, 0
1536247109.068, 0
1536247110.085, 0
1536247111.071, 0
1536247112.079, 0
1536247113.064, 0
1536247114.081, 0
1536247115.085, 0
1536247116.071, 0
1536247117.083, 0
1536247118.083, 0
1536247119.083, 0
1536247120.052, 0
1536247121.063, 0
1536247122.087, 0
1536247123.072, 0
1536247124.067, 0
1536247125.068, 0
1536247126.066, 0
1536247127.083, 0
1536247128.065, 0
1536247129.086, 0
1536247130.069, 0
1536247131.068, 0
1536247132.052, 0
1536247133.086, 0
1536247134.084, 0
1536247135.066, 0
1536247136.066, 0
1536247137.093, 0
1536247138.062, 0
1536247139.081, 0
1536247140.069, 0
1536247141.069, 0
1536247142.068, 0
1536247143.066, 0
1536247144.067, 0
1536247145.065, 0
1536247146.071, 0
1536247147.077, 0
1536247148.070, 0
1536247149.077, 0
1536247150.064, 0
1536247151.079, 0
1536247152.053, 0
1536247153.068, 0
1536247154.067, 0
1536247155.067, 0
1536247156.077, 0
1536247157.066, 0
1536247158.066, 0
1536247159.085, 0
1536247160.070, 0
1536247161.086, 0
1536247162.071, 0
1536247163.079, 0
1536247164.068, 0
1536247165.066, 0
1536247166.077, 0
1536247167.071, 0
1536247168.066, 0
1536247169.055, 0
1536247170.081, 0
1536247171.083, 0
1536247172.066, 0
1536247173.067, 0
1536247174.068, 0
1536247175.064, 0
1536247176.071, 0
1536247177.062, 0
1536247178.086, 0
1536247179.050, 0
1536247180.082, 0
1536247181.050, 0
1536247182.066, 0
1536247183.086, 0
1536247184.069, 0
1536247185.062, 0
1536247186.078, 0
1536247187.066, 0
1536247188.078, 0
1536247189.064, 0
1536247190.068, 0
1536247191.078, 0
1536247192.062, 0
1536247193.067, 0
1536247194.068, 0
1536247195.066, 0
1536247196.067, 0
1536247197.067, 0
1536247198.078, 0
1536247199.067, 0
1536247200.086, 0
1536247201.055, 0
1536247202.069, 0
1536247203.053, 0
1536247204.072, 0
1536247205.077, 0
1536247206.085, 0
1536247207.081, 0
1536247208.087, 0
1536247209.068, 0
1536247210.094, 0
1536247211.071, 0
1536247212.083, 0
1536247213.063, 0
1536247214.069, 0
1536247215.085, 0
1536247216.071, 0
1536247217.067, 0
1536247218.077, 0
1536247219.067, 0
1536247220.077, 0
1536247221.063, 0
1536247222.079, 0
1536247223.072, 0
1536247224.067, 0
1536247225.071, 0
1536247226.068, 0
1536247227.086, 0
1536247228.062, 0
1536247229.069, 0
1536247230.082, 0
1536247231.056, 0
1536247232.080, 0
1536247233.068, 0
1536247234.087, 0
1536247235.068, 0
1536247236.080, 0
1536247237.082, 0
1536247238.086, 0
1536247239.070, 0
1536247240.050, 0
1536247241.083, 0
1536247242.081, 0
1536247243.068, 0
1536247244.070, 0
1536247245.055, 0
1536247246.070, 0
1536247247.079, 0
1536247248.063, 0
1536247249.069, 0
1536247250.069, 0
1536247251.082, 0
1536247252.068, 0
1536247253.068, 0
1536247254.082, 0
1536247255.064, 0
1536247256.066, 0
1536247257.086, 0
1536247258.065, 0
1536247259.086, 0
1536247260.065, 0
1536247261.081, 0
1536247262.068, 0
1536247263.070, 0
1536247264.048, 0
1536247265.071, 0
1536247266.084, 0
1536247267.071, 0
1536247268.068, 0
1536247269.084, 0
1536247270.071, 0
1536247271.083, 0
1536247272.062, 26
1536247273.069, 0
1536247274.051, 0
1536247275.065, 0
1536247276.084, 0
1536247277.068, 0
1536247278.068, 0
1536247279.077, 0
1536247280.064, 0
1536247281.086, 0
1536247282.067, 0
1536247283.086, 0
1536247284.071, 0
1536247285.064, 0
1536247286.071, 0
1536247287.064, 0
1536247288.071, 0
1536247289.067, 0
1536247290.083, 0
1536247291.078, 0
1536247292.084, 0
1536247293.083, 0
1536247294.054, 0
1536247295.071, 0
1536247296.055, 0
1536247297.062, 0
1536247298.068, 0
1536247299.060, 0
1536247300.082, 0
1536247301.055, 0
1536247302.071, 0
1536247303.080, 0
1536247304.062, 0
1536247305.066, 0
1536247306.055, 0
1536247307.070, 0
1536247308.086, 0
1536247309.062, 0
1536247310.068, 0
1536247311.050, 0
1536247312.069, 0
1536247313.053, 0
1536247314.066, 0
1536247315.064, 0
1536247316.054, 0
1536247317.067, 0
1536247318.086, 0
1536247319.066, 0
1536247320.085, 0
1536247321.070, 0
1536247322.078, 0
1536247323.068, 0
1536247324.064, 0
1536247325.049, 0
1536247326.068, 0
1536247327.082, 0
1536247328.081, 0
1536247329.066, 0
1536247330.071, 0
1536247331.070, 0
1536247332.077, 0
1536247333.067, 0
1536247334.087, 0
1536247335.072, 0
1536247336.062, 0
1536247337.078, 0
1536247338.063, 0
1536247339.062, 0
1536247340.080, 0
1536247341.068, 0
1536247342.079, 0
1536247343.054, 0
1536247344.063, 0
1536247345.054, 0
1536247346.066, 0
1536247347.067, 0
1536247348.063, 0
1536247349.082, 0
1536247350.086, 0
1536247351.071, 0
1536247352.079, 0
1536247353.068, 0
1536247354.092, 0
1536247355.054, 0
1536247356.067, 0
1536247357.068, 0
1536247358.061, 0
1536247359.067, 0
1536247360.050, 0
1536247361.072, 0
1536247362.084, 0
1536247363.069, 0
1536247364.086, 0
1536247365.078, 0
1536247366.082, 0
1536247367.062, 0
1536247368.069, 0
1536247369.097, 0
1536247370.057, 0
1536247371.067, 0
1536247372.050, 0
1536247373.057, 0
1536247374.086, 0
1536247375.062, 0
1536247376.067, 0
1536247377.069, 0
1536247378.064, 0
1536247379.084, 0
1536247380.080, 0
1536247381.085, 0
1536247382.069, 0
1536247383.068, 0
1536247384.052, 0
1536247385.067, 0
1536247386.068, 0
1536247387.068, 0
1536247388.066, 0
1536247389.079, 0
1536247390.063, 0
1536247391.072, 0
1536247392.054, 0
1536247393.069, 0
1536247394.052, 0
1536247395.088, 0
1536247396.052, 0
1536247397.063, 0
1536247398.082, 0
1536247399.094, 0
1536247400.062, 0
1536247401.082, 0
1536247402.067, 0
1536247403.077, 0
1536247404.068, 0
1536247405.062, 0
1536247406.063, 0
1536247407.066, 0
1536247408.077, 0
1536247409.063, 0
1536247410.077, 0
1536247411.085, 0
1536247412.061, 0
1536247413.084, 0
1536247414.053, 0
1536247415.064, 0
1536247416.067, 0
1536247417.071, 0
1536247418.067, 0
1536247419.062, 0
1536247420.068, 0
1536247421.070, 0
1536247422.062, 0
1536247423.077, 0
